Species1,Species2,DivergenceTime
Sorghum_bicolor,Brachypodium_distachyon,48.998211
Sorghum_bicolor,Hordeum_bogdanii,48.998211
Sorghum_bicolor,Hordeum_jubatum_Sub2,48.998211
Sorghum_bicolor,Hordeum_parodii_Sub2,48.998211
Sorghum_bicolor,Hordeum_roshevitzii,48.998211
Sorghum_bicolor,Hordeum_brevisubulatum,48.998211
Sorghum_bicolor,Hordeum_californicum,48.998211
Sorghum_bicolor,Hordeum_jubatum_Sub1,48.998211
Sorghum_bicolor,Hordeum_chilense,48.998211
Sorghum_bicolor,Hordeum_flexuosum,48.998211
Sorghum_bicolor,Hordeum_parodii_Sub1,48.998211
Sorghum_bicolor,Hordeum_erectifolium,48.998211
Sorghum_bicolor,Hordeum_stenostachys,48.998211
Sorghum_bicolor,Hordeum_euclaston,48.998211
Sorghum_bicolor,Hordeum_intercedens,48.998211
Sorghum_bicolor,Hordeum_pusillum,48.998211
Sorghum_bicolor,Hordeum_parodii_Sub3,48.998211
Sorghum_bicolor,Hordeum_pubiflorum,48.998211
Sorghum_bicolor,Hordeum_patagonicum,48.998211
Sorghum_bicolor,Hordeum_comosum,48.998211
Sorghum_bicolor,Hordeum_cordobense,48.998211
Sorghum_bicolor,Hordeum_muticum,48.998211
Sorghum_bicolor,Hordeum_secalinum_Sub2,48.998211
Sorghum_bicolor,Hordeum_gussoneanum,48.998211
Sorghum_bicolor,Hordeum_gussoneanum_Sub2,48.998211
Sorghum_bicolor,Hordeum_secalinum_Sub1,48.998211
Sorghum_bicolor,Hordeum_marinum_BCC2001,48.998211
Sorghum_bicolor,Hordeum_marinum_H559,48.998211
Sorghum_bicolor,Hordeum_gussoneanum_Sub1,48.998211
Sorghum_bicolor,Hordeum_bulbosum_Hap1,48.998211
Sorghum_bicolor,Hordeum_bulbosum_Hap2,48.998211
Sorghum_bicolor,Hordeum_vulgare,48.998211
Sorghum_bicolor,Hordeum_murinum_Sub1,48.998211
Sorghum_bicolor,Hordeum_murinum_BCC2017,48.998211
Sorghum_bicolor,Hordeum_murinum_Sub2,48.998211
Sorghum_bicolor,Triticum_monococcum,48.998211
Sorghum_bicolor,Oryza_sativa,48.998211
Brachypodium_distachyon,Sorghum_bicolor,48.998211
Brachypodium_distachyon,Hordeum_bogdanii,34.529178
Brachypodium_distachyon,Hordeum_jubatum_Sub2,34.529178
Brachypodium_distachyon,Hordeum_parodii_Sub2,34.529178
Brachypodium_distachyon,Hordeum_roshevitzii,34.529178
Brachypodium_distachyon,Hordeum_brevisubulatum,34.529178
Brachypodium_distachyon,Hordeum_californicum,34.529178
Brachypodium_distachyon,Hordeum_jubatum_Sub1,34.529178
Brachypodium_distachyon,Hordeum_chilense,34.529178
Brachypodium_distachyon,Hordeum_flexuosum,34.529178
Brachypodium_distachyon,Hordeum_parodii_Sub1,34.529178
Brachypodium_distachyon,Hordeum_erectifolium,34.529178
Brachypodium_distachyon,Hordeum_stenostachys,34.529178
Brachypodium_distachyon,Hordeum_euclaston,34.529178
Brachypodium_distachyon,Hordeum_intercedens,34.529178
Brachypodium_distachyon,Hordeum_pusillum,34.529178
Brachypodium_distachyon,Hordeum_parodii_Sub3,34.529178
Brachypodium_distachyon,Hordeum_pubiflorum,34.529178
Brachypodium_distachyon,Hordeum_patagonicum,34.529178
Brachypodium_distachyon,Hordeum_comosum,34.529178
Brachypodium_distachyon,Hordeum_cordobense,34.529178
Brachypodium_distachyon,Hordeum_muticum,34.529178
Brachypodium_distachyon,Hordeum_secalinum_Sub2,34.529178
Brachypodium_distachyon,Hordeum_gussoneanum,34.529178
Brachypodium_distachyon,Hordeum_gussoneanum_Sub2,34.529178
Brachypodium_distachyon,Hordeum_secalinum_Sub1,34.529178
Brachypodium_distachyon,Hordeum_marinum_BCC2001,34.529178
Brachypodium_distachyon,Hordeum_marinum_H559,34.529178
Brachypodium_distachyon,Hordeum_gussoneanum_Sub1,34.529178
Brachypodium_distachyon,Hordeum_bulbosum_Hap1,34.529178
Brachypodium_distachyon,Hordeum_bulbosum_Hap2,34.529178
Brachypodium_distachyon,Hordeum_vulgare,34.529178
Brachypodium_distachyon,Hordeum_murinum_Sub1,34.529178
Brachypodium_distachyon,Hordeum_murinum_BCC2017,34.529178
Brachypodium_distachyon,Hordeum_murinum_Sub2,34.529178
Brachypodium_distachyon,Triticum_monococcum,34.529178
Brachypodium_distachyon,Oryza_sativa,46.81582
Hordeum_bogdanii,Sorghum_bicolor,48.998211
Hordeum_bogdanii,Brachypodium_distachyon,34.529178
Hordeum_bogdanii,Hordeum_jubatum_Sub2,4.305165
Hordeum_bogdanii,Hordeum_parodii_Sub2,4.305165
Hordeum_bogdanii,Hordeum_roshevitzii,4.305165
Hordeum_bogdanii,Hordeum_brevisubulatum,5.529531
Hordeum_bogdanii,Hordeum_californicum,6.170433
Hordeum_bogdanii,Hordeum_jubatum_Sub1,6.170433
Hordeum_bogdanii,Hordeum_chilense,6.170433
Hordeum_bogdanii,Hordeum_flexuosum,6.170433
Hordeum_bogdanii,Hordeum_parodii_Sub1,6.170433
Hordeum_bogdanii,Hordeum_erectifolium,6.170433
Hordeum_bogdanii,Hordeum_stenostachys,6.170433
Hordeum_bogdanii,Hordeum_euclaston,6.170433
Hordeum_bogdanii,Hordeum_intercedens,6.170433
Hordeum_bogdanii,Hordeum_pusillum,6.170433
Hordeum_bogdanii,Hordeum_parodii_Sub3,6.170433
Hordeum_bogdanii,Hordeum_pubiflorum,6.170433
Hordeum_bogdanii,Hordeum_patagonicum,6.170433
Hordeum_bogdanii,Hordeum_comosum,6.170433
Hordeum_bogdanii,Hordeum_cordobense,6.170433
Hordeum_bogdanii,Hordeum_muticum,6.170433
Hordeum_bogdanii,Hordeum_secalinum_Sub2,6.170433
Hordeum_bogdanii,Hordeum_gussoneanum,9.009506
Hordeum_bogdanii,Hordeum_gussoneanum_Sub2,9.009506
Hordeum_bogdanii,Hordeum_secalinum_Sub1,9.009506
Hordeum_bogdanii,Hordeum_marinum_BCC2001,9.009506
Hordeum_bogdanii,Hordeum_marinum_H559,9.009506
Hordeum_bogdanii,Hordeum_gussoneanum_Sub1,9.009506
Hordeum_bogdanii,Hordeum_bulbosum_Hap1,12.273094
Hordeum_bogdanii,Hordeum_bulbosum_Hap2,12.273094
Hordeum_bogdanii,Hordeum_vulgare,12.273094
Hordeum_bogdanii,Hordeum_murinum_Sub1,12.273094
Hordeum_bogdanii,Hordeum_murinum_BCC2017,12.273094
Hordeum_bogdanii,Hordeum_murinum_Sub2,12.273094
Hordeum_bogdanii,Triticum_monococcum,16.207947
Hordeum_bogdanii,Oryza_sativa,46.81582
Hordeum_jubatum_Sub2,Sorghum_bicolor,48.998211
Hordeum_jubatum_Sub2,Brachypodium_distachyon,34.529178
Hordeum_jubatum_Sub2,Hordeum_bogdanii,4.305165
Hordeum_jubatum_Sub2,Hordeum_parodii_Sub2,0.842878
Hordeum_jubatum_Sub2,Hordeum_roshevitzii,2.941932
Hordeum_jubatum_Sub2,Hordeum_brevisubulatum,5.529531
Hordeum_jubatum_Sub2,Hordeum_californicum,6.170433
Hordeum_jubatum_Sub2,Hordeum_jubatum_Sub1,6.170433
Hordeum_jubatum_Sub2,Hordeum_chilense,6.170433
Hordeum_jubatum_Sub2,Hordeum_flexuosum,6.170433
Hordeum_jubatum_Sub2,Hordeum_parodii_Sub1,6.170433
Hordeum_jubatum_Sub2,Hordeum_erectifolium,6.170433
Hordeum_jubatum_Sub2,Hordeum_stenostachys,6.170433
Hordeum_jubatum_Sub2,Hordeum_euclaston,6.170433
Hordeum_jubatum_Sub2,Hordeum_intercedens,6.170433
Hordeum_jubatum_Sub2,Hordeum_pusillum,6.170433
Hordeum_jubatum_Sub2,Hordeum_parodii_Sub3,6.170433
Hordeum_jubatum_Sub2,Hordeum_pubiflorum,6.170433
Hordeum_jubatum_Sub2,Hordeum_patagonicum,6.170433
Hordeum_jubatum_Sub2,Hordeum_comosum,6.170433
Hordeum_jubatum_Sub2,Hordeum_cordobense,6.170433
Hordeum_jubatum_Sub2,Hordeum_muticum,6.170433
Hordeum_jubatum_Sub2,Hordeum_secalinum_Sub2,6.170433
Hordeum_jubatum_Sub2,Hordeum_gussoneanum,9.009506
Hordeum_jubatum_Sub2,Hordeum_gussoneanum_Sub2,9.009506
Hordeum_jubatum_Sub2,Hordeum_secalinum_Sub1,9.009506
Hordeum_jubatum_Sub2,Hordeum_marinum_BCC2001,9.009506
Hordeum_jubatum_Sub2,Hordeum_marinum_H559,9.009506
Hordeum_jubatum_Sub2,Hordeum_gussoneanum_Sub1,9.009506
Hordeum_jubatum_Sub2,Hordeum_bulbosum_Hap1,12.273094
Hordeum_jubatum_Sub2,Hordeum_bulbosum_Hap2,12.273094
Hordeum_jubatum_Sub2,Hordeum_vulgare,12.273094
Hordeum_jubatum_Sub2,Hordeum_murinum_Sub1,12.273094
Hordeum_jubatum_Sub2,Hordeum_murinum_BCC2017,12.273094
Hordeum_jubatum_Sub2,Hordeum_murinum_Sub2,12.273094
Hordeum_jubatum_Sub2,Triticum_monococcum,16.207947
Hordeum_jubatum_Sub2,Oryza_sativa,46.81582
Hordeum_parodii_Sub2,Sorghum_bicolor,48.998211
Hordeum_parodii_Sub2,Brachypodium_distachyon,34.529178
Hordeum_parodii_Sub2,Hordeum_bogdanii,4.305165
Hordeum_parodii_Sub2,Hordeum_jubatum_Sub2,0.842878
Hordeum_parodii_Sub2,Hordeum_roshevitzii,2.941932
Hordeum_parodii_Sub2,Hordeum_brevisubulatum,5.529531
Hordeum_parodii_Sub2,Hordeum_californicum,6.170433
Hordeum_parodii_Sub2,Hordeum_jubatum_Sub1,6.170433
Hordeum_parodii_Sub2,Hordeum_chilense,6.170433
Hordeum_parodii_Sub2,Hordeum_flexuosum,6.170433
Hordeum_parodii_Sub2,Hordeum_parodii_Sub1,6.170433
Hordeum_parodii_Sub2,Hordeum_erectifolium,6.170433
Hordeum_parodii_Sub2,Hordeum_stenostachys,6.170433
Hordeum_parodii_Sub2,Hordeum_euclaston,6.170433
Hordeum_parodii_Sub2,Hordeum_intercedens,6.170433
Hordeum_parodii_Sub2,Hordeum_pusillum,6.170433
Hordeum_parodii_Sub2,Hordeum_parodii_Sub3,6.170433
Hordeum_parodii_Sub2,Hordeum_pubiflorum,6.170433
Hordeum_parodii_Sub2,Hordeum_patagonicum,6.170433
Hordeum_parodii_Sub2,Hordeum_comosum,6.170433
Hordeum_parodii_Sub2,Hordeum_cordobense,6.170433
Hordeum_parodii_Sub2,Hordeum_muticum,6.170433
Hordeum_parodii_Sub2,Hordeum_secalinum_Sub2,6.170433
Hordeum_parodii_Sub2,Hordeum_gussoneanum,9.009506
Hordeum_parodii_Sub2,Hordeum_gussoneanum_Sub2,9.009506
Hordeum_parodii_Sub2,Hordeum_secalinum_Sub1,9.009506
Hordeum_parodii_Sub2,Hordeum_marinum_BCC2001,9.009506
Hordeum_parodii_Sub2,Hordeum_marinum_H559,9.009506
Hordeum_parodii_Sub2,Hordeum_gussoneanum_Sub1,9.009506
Hordeum_parodii_Sub2,Hordeum_bulbosum_Hap1,12.273094
Hordeum_parodii_Sub2,Hordeum_bulbosum_Hap2,12.273094
Hordeum_parodii_Sub2,Hordeum_vulgare,12.273094
Hordeum_parodii_Sub2,Hordeum_murinum_Sub1,12.273094
Hordeum_parodii_Sub2,Hordeum_murinum_BCC2017,12.273094
Hordeum_parodii_Sub2,Hordeum_murinum_Sub2,12.273094
Hordeum_parodii_Sub2,Triticum_monococcum,16.207947
Hordeum_parodii_Sub2,Oryza_sativa,46.81582
Hordeum_roshevitzii,Sorghum_bicolor,48.998211
Hordeum_roshevitzii,Brachypodium_distachyon,34.529178
Hordeum_roshevitzii,Hordeum_bogdanii,4.305165
Hordeum_roshevitzii,Hordeum_jubatum_Sub2,2.941932
Hordeum_roshevitzii,Hordeum_parodii_Sub2,2.941932
Hordeum_roshevitzii,Hordeum_brevisubulatum,5.529531
Hordeum_roshevitzii,Hordeum_californicum,6.170433
Hordeum_roshevitzii,Hordeum_jubatum_Sub1,6.170433
Hordeum_roshevitzii,Hordeum_chilense,6.170433
Hordeum_roshevitzii,Hordeum_flexuosum,6.170433
Hordeum_roshevitzii,Hordeum_parodii_Sub1,6.170433
Hordeum_roshevitzii,Hordeum_erectifolium,6.170433
Hordeum_roshevitzii,Hordeum_stenostachys,6.170433
Hordeum_roshevitzii,Hordeum_euclaston,6.170433
Hordeum_roshevitzii,Hordeum_intercedens,6.170433
Hordeum_roshevitzii,Hordeum_pusillum,6.170433
Hordeum_roshevitzii,Hordeum_parodii_Sub3,6.170433
Hordeum_roshevitzii,Hordeum_pubiflorum,6.170433
Hordeum_roshevitzii,Hordeum_patagonicum,6.170433
Hordeum_roshevitzii,Hordeum_comosum,6.170433
Hordeum_roshevitzii,Hordeum_cordobense,6.170433
Hordeum_roshevitzii,Hordeum_muticum,6.170433
Hordeum_roshevitzii,Hordeum_secalinum_Sub2,6.170433
Hordeum_roshevitzii,Hordeum_gussoneanum,9.009506
Hordeum_roshevitzii,Hordeum_gussoneanum_Sub2,9.009506
Hordeum_roshevitzii,Hordeum_secalinum_Sub1,9.009506
Hordeum_roshevitzii,Hordeum_marinum_BCC2001,9.009506
Hordeum_roshevitzii,Hordeum_marinum_H559,9.009506
Hordeum_roshevitzii,Hordeum_gussoneanum_Sub1,9.009506
Hordeum_roshevitzii,Hordeum_bulbosum_Hap1,12.273094
Hordeum_roshevitzii,Hordeum_bulbosum_Hap2,12.273094
Hordeum_roshevitzii,Hordeum_vulgare,12.273094
Hordeum_roshevitzii,Hordeum_murinum_Sub1,12.273094
Hordeum_roshevitzii,Hordeum_murinum_BCC2017,12.273094
Hordeum_roshevitzii,Hordeum_murinum_Sub2,12.273094
Hordeum_roshevitzii,Triticum_monococcum,16.207947
Hordeum_roshevitzii,Oryza_sativa,46.81582
Hordeum_brevisubulatum,Sorghum_bicolor,48.998211
Hordeum_brevisubulatum,Brachypodium_distachyon,34.529178
Hordeum_brevisubulatum,Hordeum_bogdanii,5.529531
Hordeum_brevisubulatum,Hordeum_jubatum_Sub2,5.529531
Hordeum_brevisubulatum,Hordeum_parodii_Sub2,5.529531
Hordeum_brevisubulatum,Hordeum_roshevitzii,5.529531
Hordeum_brevisubulatum,Hordeum_californicum,6.170433
Hordeum_brevisubulatum,Hordeum_jubatum_Sub1,6.170433
Hordeum_brevisubulatum,Hordeum_chilense,6.170433
Hordeum_brevisubulatum,Hordeum_flexuosum,6.170433
Hordeum_brevisubulatum,Hordeum_parodii_Sub1,6.170433
Hordeum_brevisubulatum,Hordeum_erectifolium,6.170433
Hordeum_brevisubulatum,Hordeum_stenostachys,6.170433
Hordeum_brevisubulatum,Hordeum_euclaston,6.170433
Hordeum_brevisubulatum,Hordeum_intercedens,6.170433
Hordeum_brevisubulatum,Hordeum_pusillum,6.170433
Hordeum_brevisubulatum,Hordeum_parodii_Sub3,6.170433
Hordeum_brevisubulatum,Hordeum_pubiflorum,6.170433
Hordeum_brevisubulatum,Hordeum_patagonicum,6.170433
Hordeum_brevisubulatum,Hordeum_comosum,6.170433
Hordeum_brevisubulatum,Hordeum_cordobense,6.170433
Hordeum_brevisubulatum,Hordeum_muticum,6.170433
Hordeum_brevisubulatum,Hordeum_secalinum_Sub2,6.170433
Hordeum_brevisubulatum,Hordeum_gussoneanum,9.009506
Hordeum_brevisubulatum,Hordeum_gussoneanum_Sub2,9.009506
Hordeum_brevisubulatum,Hordeum_secalinum_Sub1,9.009506
Hordeum_brevisubulatum,Hordeum_marinum_BCC2001,9.009506
Hordeum_brevisubulatum,Hordeum_marinum_H559,9.009506
Hordeum_brevisubulatum,Hordeum_gussoneanum_Sub1,9.009506
Hordeum_brevisubulatum,Hordeum_bulbosum_Hap1,12.273094
Hordeum_brevisubulatum,Hordeum_bulbosum_Hap2,12.273094
Hordeum_brevisubulatum,Hordeum_vulgare,12.273094
Hordeum_brevisubulatum,Hordeum_murinum_Sub1,12.273094
Hordeum_brevisubulatum,Hordeum_murinum_BCC2017,12.273094
Hordeum_brevisubulatum,Hordeum_murinum_Sub2,12.273094
Hordeum_brevisubulatum,Triticum_monococcum,16.207947
Hordeum_brevisubulatum,Oryza_sativa,46.81582
Hordeum_californicum,Sorghum_bicolor,48.998211
Hordeum_californicum,Brachypodium_distachyon,34.529178
Hordeum_californicum,Hordeum_bogdanii,6.170433
Hordeum_californicum,Hordeum_jubatum_Sub2,6.170433
Hordeum_californicum,Hordeum_parodii_Sub2,6.170433
Hordeum_californicum,Hordeum_roshevitzii,6.170433
Hordeum_californicum,Hordeum_brevisubulatum,6.170433
Hordeum_californicum,Hordeum_jubatum_Sub1,1.433276
Hordeum_californicum,Hordeum_chilense,3.56174
Hordeum_californicum,Hordeum_flexuosum,3.56174
Hordeum_californicum,Hordeum_parodii_Sub1,3.56174
Hordeum_californicum,Hordeum_erectifolium,3.56174
Hordeum_californicum,Hordeum_stenostachys,3.56174
Hordeum_californicum,Hordeum_euclaston,3.56174
Hordeum_californicum,Hordeum_intercedens,3.56174
Hordeum_californicum,Hordeum_pusillum,3.56174
Hordeum_californicum,Hordeum_parodii_Sub3,3.56174
Hordeum_californicum,Hordeum_pubiflorum,3.56174
Hordeum_californicum,Hordeum_patagonicum,3.56174
Hordeum_californicum,Hordeum_comosum,3.56174
Hordeum_californicum,Hordeum_cordobense,3.56174
Hordeum_californicum,Hordeum_muticum,3.56174
Hordeum_californicum,Hordeum_secalinum_Sub2,5.56327
Hordeum_californicum,Hordeum_gussoneanum,9.009506
Hordeum_californicum,Hordeum_gussoneanum_Sub2,9.009506
Hordeum_californicum,Hordeum_secalinum_Sub1,9.009506
Hordeum_californicum,Hordeum_marinum_BCC2001,9.009506
Hordeum_californicum,Hordeum_marinum_H559,9.009506
Hordeum_californicum,Hordeum_gussoneanum_Sub1,9.009506
Hordeum_californicum,Hordeum_bulbosum_Hap1,12.273094
Hordeum_californicum,Hordeum_bulbosum_Hap2,12.273094
Hordeum_californicum,Hordeum_vulgare,12.273094
Hordeum_californicum,Hordeum_murinum_Sub1,12.273094
Hordeum_californicum,Hordeum_murinum_BCC2017,12.273094
Hordeum_californicum,Hordeum_murinum_Sub2,12.273094
Hordeum_californicum,Triticum_monococcum,16.207947
Hordeum_californicum,Oryza_sativa,46.81582
Hordeum_jubatum_Sub1,Sorghum_bicolor,48.998211
Hordeum_jubatum_Sub1,Brachypodium_distachyon,34.529178
Hordeum_jubatum_Sub1,Hordeum_bogdanii,6.170433
Hordeum_jubatum_Sub1,Hordeum_jubatum_Sub2,6.170433
Hordeum_jubatum_Sub1,Hordeum_parodii_Sub2,6.170433
Hordeum_jubatum_Sub1,Hordeum_roshevitzii,6.170433
Hordeum_jubatum_Sub1,Hordeum_brevisubulatum,6.170433
Hordeum_jubatum_Sub1,Hordeum_californicum,1.433276
Hordeum_jubatum_Sub1,Hordeum_chilense,3.56174
Hordeum_jubatum_Sub1,Hordeum_flexuosum,3.56174
Hordeum_jubatum_Sub1,Hordeum_parodii_Sub1,3.56174
Hordeum_jubatum_Sub1,Hordeum_erectifolium,3.56174
Hordeum_jubatum_Sub1,Hordeum_stenostachys,3.56174
Hordeum_jubatum_Sub1,Hordeum_euclaston,3.56174
Hordeum_jubatum_Sub1,Hordeum_intercedens,3.56174
Hordeum_jubatum_Sub1,Hordeum_pusillum,3.56174
Hordeum_jubatum_Sub1,Hordeum_parodii_Sub3,3.56174
Hordeum_jubatum_Sub1,Hordeum_pubiflorum,3.56174
Hordeum_jubatum_Sub1,Hordeum_patagonicum,3.56174
Hordeum_jubatum_Sub1,Hordeum_comosum,3.56174
Hordeum_jubatum_Sub1,Hordeum_cordobense,3.56174
Hordeum_jubatum_Sub1,Hordeum_muticum,3.56174
Hordeum_jubatum_Sub1,Hordeum_secalinum_Sub2,5.56327
Hordeum_jubatum_Sub1,Hordeum_gussoneanum,9.009506
Hordeum_jubatum_Sub1,Hordeum_gussoneanum_Sub2,9.009506
Hordeum_jubatum_Sub1,Hordeum_secalinum_Sub1,9.009506
Hordeum_jubatum_Sub1,Hordeum_marinum_BCC2001,9.009506
Hordeum_jubatum_Sub1,Hordeum_marinum_H559,9.009506
Hordeum_jubatum_Sub1,Hordeum_gussoneanum_Sub1,9.009506
Hordeum_jubatum_Sub1,Hordeum_bulbosum_Hap1,12.273094
Hordeum_jubatum_Sub1,Hordeum_bulbosum_Hap2,12.273094
Hordeum_jubatum_Sub1,Hordeum_vulgare,12.273094
Hordeum_jubatum_Sub1,Hordeum_murinum_Sub1,12.273094
Hordeum_jubatum_Sub1,Hordeum_murinum_BCC2017,12.273094
Hordeum_jubatum_Sub1,Hordeum_murinum_Sub2,12.273094
Hordeum_jubatum_Sub1,Triticum_monococcum,16.207947
Hordeum_jubatum_Sub1,Oryza_sativa,46.81582
Hordeum_chilense,Sorghum_bicolor,48.998211
Hordeum_chilense,Brachypodium_distachyon,34.529178
Hordeum_chilense,Hordeum_bogdanii,6.170433
Hordeum_chilense,Hordeum_jubatum_Sub2,6.170433
Hordeum_chilense,Hordeum_parodii_Sub2,6.170433
Hordeum_chilense,Hordeum_roshevitzii,6.170433
Hordeum_chilense,Hordeum_brevisubulatum,6.170433
Hordeum_chilense,Hordeum_californicum,3.56174
Hordeum_chilense,Hordeum_jubatum_Sub1,3.56174
Hordeum_chilense,Hordeum_flexuosum,0.849577
Hordeum_chilense,Hordeum_parodii_Sub1,0.849577
Hordeum_chilense,Hordeum_erectifolium,1.427274
Hordeum_chilense,Hordeum_stenostachys,1.427274
Hordeum_chilense,Hordeum_euclaston,1.427274
Hordeum_chilense,Hordeum_intercedens,1.427274
Hordeum_chilense,Hordeum_pusillum,1.427274
Hordeum_chilense,Hordeum_parodii_Sub3,1.567448
Hordeum_chilense,Hordeum_pubiflorum,1.567448
Hordeum_chilense,Hordeum_patagonicum,1.567448
Hordeum_chilense,Hordeum_comosum,1.683545
Hordeum_chilense,Hordeum_cordobense,1.782909
Hordeum_chilense,Hordeum_muticum,1.782909
Hordeum_chilense,Hordeum_secalinum_Sub2,5.56327
Hordeum_chilense,Hordeum_gussoneanum,9.009506
Hordeum_chilense,Hordeum_gussoneanum_Sub2,9.009506
Hordeum_chilense,Hordeum_secalinum_Sub1,9.009506
Hordeum_chilense,Hordeum_marinum_BCC2001,9.009506
Hordeum_chilense,Hordeum_marinum_H559,9.009506
Hordeum_chilense,Hordeum_gussoneanum_Sub1,9.009506
Hordeum_chilense,Hordeum_bulbosum_Hap1,12.273094
Hordeum_chilense,Hordeum_bulbosum_Hap2,12.273094
Hordeum_chilense,Hordeum_vulgare,12.273094
Hordeum_chilense,Hordeum_murinum_Sub1,12.273094
Hordeum_chilense,Hordeum_murinum_BCC2017,12.273094
Hordeum_chilense,Hordeum_murinum_Sub2,12.273094
Hordeum_chilense,Triticum_monococcum,16.207947
Hordeum_chilense,Oryza_sativa,46.81582
Hordeum_flexuosum,Sorghum_bicolor,48.998211
Hordeum_flexuosum,Brachypodium_distachyon,34.529178
Hordeum_flexuosum,Hordeum_bogdanii,6.170433
Hordeum_flexuosum,Hordeum_jubatum_Sub2,6.170433
Hordeum_flexuosum,Hordeum_parodii_Sub2,6.170433
Hordeum_flexuosum,Hordeum_roshevitzii,6.170433
Hordeum_flexuosum,Hordeum_brevisubulatum,6.170433
Hordeum_flexuosum,Hordeum_californicum,3.56174
Hordeum_flexuosum,Hordeum_jubatum_Sub1,3.56174
Hordeum_flexuosum,Hordeum_chilense,0.849577
Hordeum_flexuosum,Hordeum_parodii_Sub1,0.367128
Hordeum_flexuosum,Hordeum_erectifolium,1.427274
Hordeum_flexuosum,Hordeum_stenostachys,1.427274
Hordeum_flexuosum,Hordeum_euclaston,1.427274
Hordeum_flexuosum,Hordeum_intercedens,1.427274
Hordeum_flexuosum,Hordeum_pusillum,1.427274
Hordeum_flexuosum,Hordeum_parodii_Sub3,1.567448
Hordeum_flexuosum,Hordeum_pubiflorum,1.567448
Hordeum_flexuosum,Hordeum_patagonicum,1.567448
Hordeum_flexuosum,Hordeum_comosum,1.683545
Hordeum_flexuosum,Hordeum_cordobense,1.782909
Hordeum_flexuosum,Hordeum_muticum,1.782909
Hordeum_flexuosum,Hordeum_secalinum_Sub2,5.56327
Hordeum_flexuosum,Hordeum_gussoneanum,9.009506
Hordeum_flexuosum,Hordeum_gussoneanum_Sub2,9.009506
Hordeum_flexuosum,Hordeum_secalinum_Sub1,9.009506
Hordeum_flexuosum,Hordeum_marinum_BCC2001,9.009506
Hordeum_flexuosum,Hordeum_marinum_H559,9.009506
Hordeum_flexuosum,Hordeum_gussoneanum_Sub1,9.009506
Hordeum_flexuosum,Hordeum_bulbosum_Hap1,12.273094
Hordeum_flexuosum,Hordeum_bulbosum_Hap2,12.273094
Hordeum_flexuosum,Hordeum_vulgare,12.273094
Hordeum_flexuosum,Hordeum_murinum_Sub1,12.273094
Hordeum_flexuosum,Hordeum_murinum_BCC2017,12.273094
Hordeum_flexuosum,Hordeum_murinum_Sub2,12.273094
Hordeum_flexuosum,Triticum_monococcum,16.207947
Hordeum_flexuosum,Oryza_sativa,46.81582
Hordeum_parodii_Sub1,Sorghum_bicolor,48.998211
Hordeum_parodii_Sub1,Brachypodium_distachyon,34.529178
Hordeum_parodii_Sub1,Hordeum_bogdanii,6.170433
Hordeum_parodii_Sub1,Hordeum_jubatum_Sub2,6.170433
Hordeum_parodii_Sub1,Hordeum_parodii_Sub2,6.170433
Hordeum_parodii_Sub1,Hordeum_roshevitzii,6.170433
Hordeum_parodii_Sub1,Hordeum_brevisubulatum,6.170433
Hordeum_parodii_Sub1,Hordeum_californicum,3.56174
Hordeum_parodii_Sub1,Hordeum_jubatum_Sub1,3.56174
Hordeum_parodii_Sub1,Hordeum_chilense,0.849577
Hordeum_parodii_Sub1,Hordeum_flexuosum,0.367128
Hordeum_parodii_Sub1,Hordeum_erectifolium,1.427274
Hordeum_parodii_Sub1,Hordeum_stenostachys,1.427274
Hordeum_parodii_Sub1,Hordeum_euclaston,1.427274
Hordeum_parodii_Sub1,Hordeum_intercedens,1.427274
Hordeum_parodii_Sub1,Hordeum_pusillum,1.427274
Hordeum_parodii_Sub1,Hordeum_parodii_Sub3,1.567448
Hordeum_parodii_Sub1,Hordeum_pubiflorum,1.567448
Hordeum_parodii_Sub1,Hordeum_patagonicum,1.567448
Hordeum_parodii_Sub1,Hordeum_comosum,1.683545
Hordeum_parodii_Sub1,Hordeum_cordobense,1.782909
Hordeum_parodii_Sub1,Hordeum_muticum,1.782909
Hordeum_parodii_Sub1,Hordeum_secalinum_Sub2,5.56327
Hordeum_parodii_Sub1,Hordeum_gussoneanum,9.009506
Hordeum_parodii_Sub1,Hordeum_gussoneanum_Sub2,9.009506
Hordeum_parodii_Sub1,Hordeum_secalinum_Sub1,9.009506
Hordeum_parodii_Sub1,Hordeum_marinum_BCC2001,9.009506
Hordeum_parodii_Sub1,Hordeum_marinum_H559,9.009506
Hordeum_parodii_Sub1,Hordeum_gussoneanum_Sub1,9.009506
Hordeum_parodii_Sub1,Hordeum_bulbosum_Hap1,12.273094
Hordeum_parodii_Sub1,Hordeum_bulbosum_Hap2,12.273094
Hordeum_parodii_Sub1,Hordeum_vulgare,12.273094
Hordeum_parodii_Sub1,Hordeum_murinum_Sub1,12.273094
Hordeum_parodii_Sub1,Hordeum_murinum_BCC2017,12.273094
Hordeum_parodii_Sub1,Hordeum_murinum_Sub2,12.273094
Hordeum_parodii_Sub1,Triticum_monococcum,16.207947
Hordeum_parodii_Sub1,Oryza_sativa,46.81582
Hordeum_erectifolium,Sorghum_bicolor,48.998211
Hordeum_erectifolium,Brachypodium_distachyon,34.529178
Hordeum_erectifolium,Hordeum_bogdanii,6.170433
Hordeum_erectifolium,Hordeum_jubatum_Sub2,6.170433
Hordeum_erectifolium,Hordeum_parodii_Sub2,6.170433
Hordeum_erectifolium,Hordeum_roshevitzii,6.170433
Hordeum_erectifolium,Hordeum_brevisubulatum,6.170433
Hordeum_erectifolium,Hordeum_californicum,3.56174
Hordeum_erectifolium,Hordeum_jubatum_Sub1,3.56174
Hordeum_erectifolium,Hordeum_chilense,1.427274
Hordeum_erectifolium,Hordeum_flexuosum,1.427274
Hordeum_erectifolium,Hordeum_parodii_Sub1,1.427274
Hordeum_erectifolium,Hordeum_stenostachys,0.626359
Hordeum_erectifolium,Hordeum_euclaston,0.998386
Hordeum_erectifolium,Hordeum_intercedens,0.998386
Hordeum_erectifolium,Hordeum_pusillum,0.998386
Hordeum_erectifolium,Hordeum_parodii_Sub3,1.567448
Hordeum_erectifolium,Hordeum_pubiflorum,1.567448
Hordeum_erectifolium,Hordeum_patagonicum,1.567448
Hordeum_erectifolium,Hordeum_comosum,1.683545
Hordeum_erectifolium,Hordeum_cordobense,1.782909
Hordeum_erectifolium,Hordeum_muticum,1.782909
Hordeum_erectifolium,Hordeum_secalinum_Sub2,5.56327
Hordeum_erectifolium,Hordeum_gussoneanum,9.009506
Hordeum_erectifolium,Hordeum_gussoneanum_Sub2,9.009506
Hordeum_erectifolium,Hordeum_secalinum_Sub1,9.009506
Hordeum_erectifolium,Hordeum_marinum_BCC2001,9.009506
Hordeum_erectifolium,Hordeum_marinum_H559,9.009506
Hordeum_erectifolium,Hordeum_gussoneanum_Sub1,9.009506
Hordeum_erectifolium,Hordeum_bulbosum_Hap1,12.273094
Hordeum_erectifolium,Hordeum_bulbosum_Hap2,12.273094
Hordeum_erectifolium,Hordeum_vulgare,12.273094
Hordeum_erectifolium,Hordeum_murinum_Sub1,12.273094
Hordeum_erectifolium,Hordeum_murinum_BCC2017,12.273094
Hordeum_erectifolium,Hordeum_murinum_Sub2,12.273094
Hordeum_erectifolium,Triticum_monococcum,16.207947
Hordeum_erectifolium,Oryza_sativa,46.81582
Hordeum_stenostachys,Sorghum_bicolor,48.998211
Hordeum_stenostachys,Brachypodium_distachyon,34.529178
Hordeum_stenostachys,Hordeum_bogdanii,6.170433
Hordeum_stenostachys,Hordeum_jubatum_Sub2,6.170433
Hordeum_stenostachys,Hordeum_parodii_Sub2,6.170433
Hordeum_stenostachys,Hordeum_roshevitzii,6.170433
Hordeum_stenostachys,Hordeum_brevisubulatum,6.170433
Hordeum_stenostachys,Hordeum_californicum,3.56174
Hordeum_stenostachys,Hordeum_jubatum_Sub1,3.56174
Hordeum_stenostachys,Hordeum_chilense,1.427274
Hordeum_stenostachys,Hordeum_flexuosum,1.427274
Hordeum_stenostachys,Hordeum_parodii_Sub1,1.427274
Hordeum_stenostachys,Hordeum_erectifolium,0.626359
Hordeum_stenostachys,Hordeum_euclaston,0.998386
Hordeum_stenostachys,Hordeum_intercedens,0.998386
Hordeum_stenostachys,Hordeum_pusillum,0.998386
Hordeum_stenostachys,Hordeum_parodii_Sub3,1.567448
Hordeum_stenostachys,Hordeum_pubiflorum,1.567448
Hordeum_stenostachys,Hordeum_patagonicum,1.567448
Hordeum_stenostachys,Hordeum_comosum,1.683545
Hordeum_stenostachys,Hordeum_cordobense,1.782909
Hordeum_stenostachys,Hordeum_muticum,1.782909
Hordeum_stenostachys,Hordeum_secalinum_Sub2,5.56327
Hordeum_stenostachys,Hordeum_gussoneanum,9.009506
Hordeum_stenostachys,Hordeum_gussoneanum_Sub2,9.009506
Hordeum_stenostachys,Hordeum_secalinum_Sub1,9.009506
Hordeum_stenostachys,Hordeum_marinum_BCC2001,9.009506
Hordeum_stenostachys,Hordeum_marinum_H559,9.009506
Hordeum_stenostachys,Hordeum_gussoneanum_Sub1,9.009506
Hordeum_stenostachys,Hordeum_bulbosum_Hap1,12.273094
Hordeum_stenostachys,Hordeum_bulbosum_Hap2,12.273094
Hordeum_stenostachys,Hordeum_vulgare,12.273094
Hordeum_stenostachys,Hordeum_murinum_Sub1,12.273094
Hordeum_stenostachys,Hordeum_murinum_BCC2017,12.273094
Hordeum_stenostachys,Hordeum_murinum_Sub2,12.273094
Hordeum_stenostachys,Triticum_monococcum,16.207947
Hordeum_stenostachys,Oryza_sativa,46.81582
Hordeum_euclaston,Sorghum_bicolor,48.998211
Hordeum_euclaston,Brachypodium_distachyon,34.529178
Hordeum_euclaston,Hordeum_bogdanii,6.170433
Hordeum_euclaston,Hordeum_jubatum_Sub2,6.170433
Hordeum_euclaston,Hordeum_parodii_Sub2,6.170433
Hordeum_euclaston,Hordeum_roshevitzii,6.170433
Hordeum_euclaston,Hordeum_brevisubulatum,6.170433
Hordeum_euclaston,Hordeum_californicum,3.56174
Hordeum_euclaston,Hordeum_jubatum_Sub1,3.56174
Hordeum_euclaston,Hordeum_chilense,1.427274
Hordeum_euclaston,Hordeum_flexuosum,1.427274
Hordeum_euclaston,Hordeum_parodii_Sub1,1.427274
Hordeum_euclaston,Hordeum_erectifolium,0.998386
Hordeum_euclaston,Hordeum_stenostachys,0.998386
Hordeum_euclaston,Hordeum_intercedens,0.396689
Hordeum_euclaston,Hordeum_pusillum,0.861854
Hordeum_euclaston,Hordeum_parodii_Sub3,1.567448
Hordeum_euclaston,Hordeum_pubiflorum,1.567448
Hordeum_euclaston,Hordeum_patagonicum,1.567448
Hordeum_euclaston,Hordeum_comosum,1.683545
Hordeum_euclaston,Hordeum_cordobense,1.782909
Hordeum_euclaston,Hordeum_muticum,1.782909
Hordeum_euclaston,Hordeum_secalinum_Sub2,5.56327
Hordeum_euclaston,Hordeum_gussoneanum,9.009506
Hordeum_euclaston,Hordeum_gussoneanum_Sub2,9.009506
Hordeum_euclaston,Hordeum_secalinum_Sub1,9.009506
Hordeum_euclaston,Hordeum_marinum_BCC2001,9.009506
Hordeum_euclaston,Hordeum_marinum_H559,9.009506
Hordeum_euclaston,Hordeum_gussoneanum_Sub1,9.009506
Hordeum_euclaston,Hordeum_bulbosum_Hap1,12.273094
Hordeum_euclaston,Hordeum_bulbosum_Hap2,12.273094
Hordeum_euclaston,Hordeum_vulgare,12.273094
Hordeum_euclaston,Hordeum_murinum_Sub1,12.273094
Hordeum_euclaston,Hordeum_murinum_BCC2017,12.273094
Hordeum_euclaston,Hordeum_murinum_Sub2,12.273094
Hordeum_euclaston,Triticum_monococcum,16.207947
Hordeum_euclaston,Oryza_sativa,46.81582
Hordeum_intercedens,Sorghum_bicolor,48.998211
Hordeum_intercedens,Brachypodium_distachyon,34.529178
Hordeum_intercedens,Hordeum_bogdanii,6.170433
Hordeum_intercedens,Hordeum_jubatum_Sub2,6.170433
Hordeum_intercedens,Hordeum_parodii_Sub2,6.170433
Hordeum_intercedens,Hordeum_roshevitzii,6.170433
Hordeum_intercedens,Hordeum_brevisubulatum,6.170433
Hordeum_intercedens,Hordeum_californicum,3.56174
Hordeum_intercedens,Hordeum_jubatum_Sub1,3.56174
Hordeum_intercedens,Hordeum_chilense,1.427274
Hordeum_intercedens,Hordeum_flexuosum,1.427274
Hordeum_intercedens,Hordeum_parodii_Sub1,1.427274
Hordeum_intercedens,Hordeum_erectifolium,0.998386
Hordeum_intercedens,Hordeum_stenostachys,0.998386
Hordeum_intercedens,Hordeum_euclaston,0.396689
Hordeum_intercedens,Hordeum_pusillum,0.861854
Hordeum_intercedens,Hordeum_parodii_Sub3,1.567448
Hordeum_intercedens,Hordeum_pubiflorum,1.567448
Hordeum_intercedens,Hordeum_patagonicum,1.567448
Hordeum_intercedens,Hordeum_comosum,1.683545
Hordeum_intercedens,Hordeum_cordobense,1.782909
Hordeum_intercedens,Hordeum_muticum,1.782909
Hordeum_intercedens,Hordeum_secalinum_Sub2,5.56327
Hordeum_intercedens,Hordeum_gussoneanum,9.009506
Hordeum_intercedens,Hordeum_gussoneanum_Sub2,9.009506
Hordeum_intercedens,Hordeum_secalinum_Sub1,9.009506
Hordeum_intercedens,Hordeum_marinum_BCC2001,9.009506
Hordeum_intercedens,Hordeum_marinum_H559,9.009506
Hordeum_intercedens,Hordeum_gussoneanum_Sub1,9.009506
Hordeum_intercedens,Hordeum_bulbosum_Hap1,12.273094
Hordeum_intercedens,Hordeum_bulbosum_Hap2,12.273094
Hordeum_intercedens,Hordeum_vulgare,12.273094
Hordeum_intercedens,Hordeum_murinum_Sub1,12.273094
Hordeum_intercedens,Hordeum_murinum_BCC2017,12.273094
Hordeum_intercedens,Hordeum_murinum_Sub2,12.273094
Hordeum_intercedens,Triticum_monococcum,16.207947
Hordeum_intercedens,Oryza_sativa,46.81582
Hordeum_pusillum,Sorghum_bicolor,48.998211
Hordeum_pusillum,Brachypodium_distachyon,34.529178
Hordeum_pusillum,Hordeum_bogdanii,6.170433
Hordeum_pusillum,Hordeum_jubatum_Sub2,6.170433
Hordeum_pusillum,Hordeum_parodii_Sub2,6.170433
Hordeum_pusillum,Hordeum_roshevitzii,6.170433
Hordeum_pusillum,Hordeum_brevisubulatum,6.170433
Hordeum_pusillum,Hordeum_californicum,3.56174
Hordeum_pusillum,Hordeum_jubatum_Sub1,3.56174
Hordeum_pusillum,Hordeum_chilense,1.427274
Hordeum_pusillum,Hordeum_flexuosum,1.427274
Hordeum_pusillum,Hordeum_parodii_Sub1,1.427274
Hordeum_pusillum,Hordeum_erectifolium,0.998386
Hordeum_pusillum,Hordeum_stenostachys,0.998386
Hordeum_pusillum,Hordeum_euclaston,0.861854
Hordeum_pusillum,Hordeum_intercedens,0.861854
Hordeum_pusillum,Hordeum_parodii_Sub3,1.567448
Hordeum_pusillum,Hordeum_pubiflorum,1.567448
Hordeum_pusillum,Hordeum_patagonicum,1.567448
Hordeum_pusillum,Hordeum_comosum,1.683545
Hordeum_pusillum,Hordeum_cordobense,1.782909
Hordeum_pusillum,Hordeum_muticum,1.782909
Hordeum_pusillum,Hordeum_secalinum_Sub2,5.56327
Hordeum_pusillum,Hordeum_gussoneanum,9.009506
Hordeum_pusillum,Hordeum_gussoneanum_Sub2,9.009506
Hordeum_pusillum,Hordeum_secalinum_Sub1,9.009506
Hordeum_pusillum,Hordeum_marinum_BCC2001,9.009506
Hordeum_pusillum,Hordeum_marinum_H559,9.009506
Hordeum_pusillum,Hordeum_gussoneanum_Sub1,9.009506
Hordeum_pusillum,Hordeum_bulbosum_Hap1,12.273094
Hordeum_pusillum,Hordeum_bulbosum_Hap2,12.273094
Hordeum_pusillum,Hordeum_vulgare,12.273094
Hordeum_pusillum,Hordeum_murinum_Sub1,12.273094
Hordeum_pusillum,Hordeum_murinum_BCC2017,12.273094
Hordeum_pusillum,Hordeum_murinum_Sub2,12.273094
Hordeum_pusillum,Triticum_monococcum,16.207947
Hordeum_pusillum,Oryza_sativa,46.81582
Hordeum_parodii_Sub3,Sorghum_bicolor,48.998211
Hordeum_parodii_Sub3,Brachypodium_distachyon,34.529178
Hordeum_parodii_Sub3,Hordeum_bogdanii,6.170433
Hordeum_parodii_Sub3,Hordeum_jubatum_Sub2,6.170433
Hordeum_parodii_Sub3,Hordeum_parodii_Sub2,6.170433
Hordeum_parodii_Sub3,Hordeum_roshevitzii,6.170433
Hordeum_parodii_Sub3,Hordeum_brevisubulatum,6.170433
Hordeum_parodii_Sub3,Hordeum_californicum,3.56174
Hordeum_parodii_Sub3,Hordeum_jubatum_Sub1,3.56174
Hordeum_parodii_Sub3,Hordeum_chilense,1.567448
Hordeum_parodii_Sub3,Hordeum_flexuosum,1.567448
Hordeum_parodii_Sub3,Hordeum_parodii_Sub1,1.567448
Hordeum_parodii_Sub3,Hordeum_erectifolium,1.567448
Hordeum_parodii_Sub3,Hordeum_stenostachys,1.567448
Hordeum_parodii_Sub3,Hordeum_euclaston,1.567448
Hordeum_parodii_Sub3,Hordeum_intercedens,1.567448
Hordeum_parodii_Sub3,Hordeum_pusillum,1.567448
Hordeum_parodii_Sub3,Hordeum_pubiflorum,0.622303
Hordeum_parodii_Sub3,Hordeum_patagonicum,1.034112
Hordeum_parodii_Sub3,Hordeum_comosum,1.683545
Hordeum_parodii_Sub3,Hordeum_cordobense,1.782909
Hordeum_parodii_Sub3,Hordeum_muticum,1.782909
Hordeum_parodii_Sub3,Hordeum_secalinum_Sub2,5.56327
Hordeum_parodii_Sub3,Hordeum_gussoneanum,9.009506
Hordeum_parodii_Sub3,Hordeum_gussoneanum_Sub2,9.009506
Hordeum_parodii_Sub3,Hordeum_secalinum_Sub1,9.009506
Hordeum_parodii_Sub3,Hordeum_marinum_BCC2001,9.009506
Hordeum_parodii_Sub3,Hordeum_marinum_H559,9.009506
Hordeum_parodii_Sub3,Hordeum_gussoneanum_Sub1,9.009506
Hordeum_parodii_Sub3,Hordeum_bulbosum_Hap1,12.273094
Hordeum_parodii_Sub3,Hordeum_bulbosum_Hap2,12.273094
Hordeum_parodii_Sub3,Hordeum_vulgare,12.273094
Hordeum_parodii_Sub3,Hordeum_murinum_Sub1,12.273094
Hordeum_parodii_Sub3,Hordeum_murinum_BCC2017,12.273094
Hordeum_parodii_Sub3,Hordeum_murinum_Sub2,12.273094
Hordeum_parodii_Sub3,Triticum_monococcum,16.207947
Hordeum_parodii_Sub3,Oryza_sativa,46.81582
Hordeum_pubiflorum,Sorghum_bicolor,48.998211
Hordeum_pubiflorum,Brachypodium_distachyon,34.529178
Hordeum_pubiflorum,Hordeum_bogdanii,6.170433
Hordeum_pubiflorum,Hordeum_jubatum_Sub2,6.170433
Hordeum_pubiflorum,Hordeum_parodii_Sub2,6.170433
Hordeum_pubiflorum,Hordeum_roshevitzii,6.170433
Hordeum_pubiflorum,Hordeum_brevisubulatum,6.170433
Hordeum_pubiflorum,Hordeum_californicum,3.56174
Hordeum_pubiflorum,Hordeum_jubatum_Sub1,3.56174
Hordeum_pubiflorum,Hordeum_chilense,1.567448
Hordeum_pubiflorum,Hordeum_flexuosum,1.567448
Hordeum_pubiflorum,Hordeum_parodii_Sub1,1.567448
Hordeum_pubiflorum,Hordeum_erectifolium,1.567448
Hordeum_pubiflorum,Hordeum_stenostachys,1.567448
Hordeum_pubiflorum,Hordeum_euclaston,1.567448
Hordeum_pubiflorum,Hordeum_intercedens,1.567448
Hordeum_pubiflorum,Hordeum_pusillum,1.567448
Hordeum_pubiflorum,Hordeum_parodii_Sub3,0.622303
Hordeum_pubiflorum,Hordeum_patagonicum,1.034112
Hordeum_pubiflorum,Hordeum_comosum,1.683545
Hordeum_pubiflorum,Hordeum_cordobense,1.782909
Hordeum_pubiflorum,Hordeum_muticum,1.782909
Hordeum_pubiflorum,Hordeum_secalinum_Sub2,5.56327
Hordeum_pubiflorum,Hordeum_gussoneanum,9.009506
Hordeum_pubiflorum,Hordeum_gussoneanum_Sub2,9.009506
Hordeum_pubiflorum,Hordeum_secalinum_Sub1,9.009506
Hordeum_pubiflorum,Hordeum_marinum_BCC2001,9.009506
Hordeum_pubiflorum,Hordeum_marinum_H559,9.009506
Hordeum_pubiflorum,Hordeum_gussoneanum_Sub1,9.009506
Hordeum_pubiflorum,Hordeum_bulbosum_Hap1,12.273094
Hordeum_pubiflorum,Hordeum_bulbosum_Hap2,12.273094
Hordeum_pubiflorum,Hordeum_vulgare,12.273094
Hordeum_pubiflorum,Hordeum_murinum_Sub1,12.273094
Hordeum_pubiflorum,Hordeum_murinum_BCC2017,12.273094
Hordeum_pubiflorum,Hordeum_murinum_Sub2,12.273094
Hordeum_pubiflorum,Triticum_monococcum,16.207947
Hordeum_pubiflorum,Oryza_sativa,46.81582
Hordeum_patagonicum,Sorghum_bicolor,48.998211
Hordeum_patagonicum,Brachypodium_distachyon,34.529178
Hordeum_patagonicum,Hordeum_bogdanii,6.170433
Hordeum_patagonicum,Hordeum_jubatum_Sub2,6.170433
Hordeum_patagonicum,Hordeum_parodii_Sub2,6.170433
Hordeum_patagonicum,Hordeum_roshevitzii,6.170433
Hordeum_patagonicum,Hordeum_brevisubulatum,6.170433
Hordeum_patagonicum,Hordeum_californicum,3.56174
Hordeum_patagonicum,Hordeum_jubatum_Sub1,3.56174
Hordeum_patagonicum,Hordeum_chilense,1.567448
Hordeum_patagonicum,Hordeum_flexuosum,1.567448
Hordeum_patagonicum,Hordeum_parodii_Sub1,1.567448
Hordeum_patagonicum,Hordeum_erectifolium,1.567448
Hordeum_patagonicum,Hordeum_stenostachys,1.567448
Hordeum_patagonicum,Hordeum_euclaston,1.567448
Hordeum_patagonicum,Hordeum_intercedens,1.567448
Hordeum_patagonicum,Hordeum_pusillum,1.567448
Hordeum_patagonicum,Hordeum_parodii_Sub3,1.034112
Hordeum_patagonicum,Hordeum_pubiflorum,1.034112
Hordeum_patagonicum,Hordeum_comosum,1.683545
Hordeum_patagonicum,Hordeum_cordobense,1.782909
Hordeum_patagonicum,Hordeum_muticum,1.782909
Hordeum_patagonicum,Hordeum_secalinum_Sub2,5.56327
Hordeum_patagonicum,Hordeum_gussoneanum,9.009506
Hordeum_patagonicum,Hordeum_gussoneanum_Sub2,9.009506
Hordeum_patagonicum,Hordeum_secalinum_Sub1,9.009506
Hordeum_patagonicum,Hordeum_marinum_BCC2001,9.009506
Hordeum_patagonicum,Hordeum_marinum_H559,9.009506
Hordeum_patagonicum,Hordeum_gussoneanum_Sub1,9.009506
Hordeum_patagonicum,Hordeum_bulbosum_Hap1,12.273094
Hordeum_patagonicum,Hordeum_bulbosum_Hap2,12.273094
Hordeum_patagonicum,Hordeum_vulgare,12.273094
Hordeum_patagonicum,Hordeum_murinum_Sub1,12.273094
Hordeum_patagonicum,Hordeum_murinum_BCC2017,12.273094
Hordeum_patagonicum,Hordeum_murinum_Sub2,12.273094
Hordeum_patagonicum,Triticum_monococcum,16.207947
Hordeum_patagonicum,Oryza_sativa,46.81582
Hordeum_comosum,Sorghum_bicolor,48.998211
Hordeum_comosum,Brachypodium_distachyon,34.529178
Hordeum_comosum,Hordeum_bogdanii,6.170433
Hordeum_comosum,Hordeum_jubatum_Sub2,6.170433
Hordeum_comosum,Hordeum_parodii_Sub2,6.170433
Hordeum_comosum,Hordeum_roshevitzii,6.170433
Hordeum_comosum,Hordeum_brevisubulatum,6.170433
Hordeum_comosum,Hordeum_californicum,3.56174
Hordeum_comosum,Hordeum_jubatum_Sub1,3.56174
Hordeum_comosum,Hordeum_chilense,1.683545
Hordeum_comosum,Hordeum_flexuosum,1.683545
Hordeum_comosum,Hordeum_parodii_Sub1,1.683545
Hordeum_comosum,Hordeum_erectifolium,1.683545
Hordeum_comosum,Hordeum_stenostachys,1.683545
Hordeum_comosum,Hordeum_euclaston,1.683545
Hordeum_comosum,Hordeum_intercedens,1.683545
Hordeum_comosum,Hordeum_pusillum,1.683545
Hordeum_comosum,Hordeum_parodii_Sub3,1.683545
Hordeum_comosum,Hordeum_pubiflorum,1.683545
Hordeum_comosum,Hordeum_patagonicum,1.683545
Hordeum_comosum,Hordeum_cordobense,1.782909
Hordeum_comosum,Hordeum_muticum,1.782909
Hordeum_comosum,Hordeum_secalinum_Sub2,5.56327
Hordeum_comosum,Hordeum_gussoneanum,9.009506
Hordeum_comosum,Hordeum_gussoneanum_Sub2,9.009506
Hordeum_comosum,Hordeum_secalinum_Sub1,9.009506
Hordeum_comosum,Hordeum_marinum_BCC2001,9.009506
Hordeum_comosum,Hordeum_marinum_H559,9.009506
Hordeum_comosum,Hordeum_gussoneanum_Sub1,9.009506
Hordeum_comosum,Hordeum_bulbosum_Hap1,12.273094
Hordeum_comosum,Hordeum_bulbosum_Hap2,12.273094
Hordeum_comosum,Hordeum_vulgare,12.273094
Hordeum_comosum,Hordeum_murinum_Sub1,12.273094
Hordeum_comosum,Hordeum_murinum_BCC2017,12.273094
Hordeum_comosum,Hordeum_murinum_Sub2,12.273094
Hordeum_comosum,Triticum_monococcum,16.207947
Hordeum_comosum,Oryza_sativa,46.81582
Hordeum_cordobense,Sorghum_bicolor,48.998211
Hordeum_cordobense,Brachypodium_distachyon,34.529178
Hordeum_cordobense,Hordeum_bogdanii,6.170433
Hordeum_cordobense,Hordeum_jubatum_Sub2,6.170433
Hordeum_cordobense,Hordeum_parodii_Sub2,6.170433
Hordeum_cordobense,Hordeum_roshevitzii,6.170433
Hordeum_cordobense,Hordeum_brevisubulatum,6.170433
Hordeum_cordobense,Hordeum_californicum,3.56174
Hordeum_cordobense,Hordeum_jubatum_Sub1,3.56174
Hordeum_cordobense,Hordeum_chilense,1.782909
Hordeum_cordobense,Hordeum_flexuosum,1.782909
Hordeum_cordobense,Hordeum_parodii_Sub1,1.782909
Hordeum_cordobense,Hordeum_erectifolium,1.782909
Hordeum_cordobense,Hordeum_stenostachys,1.782909
Hordeum_cordobense,Hordeum_euclaston,1.782909
Hordeum_cordobense,Hordeum_intercedens,1.782909
Hordeum_cordobense,Hordeum_pusillum,1.782909
Hordeum_cordobense,Hordeum_parodii_Sub3,1.782909
Hordeum_cordobense,Hordeum_pubiflorum,1.782909
Hordeum_cordobense,Hordeum_patagonicum,1.782909
Hordeum_cordobense,Hordeum_comosum,1.782909
Hordeum_cordobense,Hordeum_muticum,1.347163
Hordeum_cordobense,Hordeum_secalinum_Sub2,5.56327
Hordeum_cordobense,Hordeum_gussoneanum,9.009506
Hordeum_cordobense,Hordeum_gussoneanum_Sub2,9.009506
Hordeum_cordobense,Hordeum_secalinum_Sub1,9.009506
Hordeum_cordobense,Hordeum_marinum_BCC2001,9.009506
Hordeum_cordobense,Hordeum_marinum_H559,9.009506
Hordeum_cordobense,Hordeum_gussoneanum_Sub1,9.009506
Hordeum_cordobense,Hordeum_bulbosum_Hap1,12.273094
Hordeum_cordobense,Hordeum_bulbosum_Hap2,12.273094
Hordeum_cordobense,Hordeum_vulgare,12.273094
Hordeum_cordobense,Hordeum_murinum_Sub1,12.273094
Hordeum_cordobense,Hordeum_murinum_BCC2017,12.273094
Hordeum_cordobense,Hordeum_murinum_Sub2,12.273094
Hordeum_cordobense,Triticum_monococcum,16.207947
Hordeum_cordobense,Oryza_sativa,46.81582
Hordeum_muticum,Sorghum_bicolor,48.998211
Hordeum_muticum,Brachypodium_distachyon,34.529178
Hordeum_muticum,Hordeum_bogdanii,6.170433
Hordeum_muticum,Hordeum_jubatum_Sub2,6.170433
Hordeum_muticum,Hordeum_parodii_Sub2,6.170433
Hordeum_muticum,Hordeum_roshevitzii,6.170433
Hordeum_muticum,Hordeum_brevisubulatum,6.170433
Hordeum_muticum,Hordeum_californicum,3.56174
Hordeum_muticum,Hordeum_jubatum_Sub1,3.56174
Hordeum_muticum,Hordeum_chilense,1.782909
Hordeum_muticum,Hordeum_flexuosum,1.782909
Hordeum_muticum,Hordeum_parodii_Sub1,1.782909
Hordeum_muticum,Hordeum_erectifolium,1.782909
Hordeum_muticum,Hordeum_stenostachys,1.782909
Hordeum_muticum,Hordeum_euclaston,1.782909
Hordeum_muticum,Hordeum_intercedens,1.782909
Hordeum_muticum,Hordeum_pusillum,1.782909
Hordeum_muticum,Hordeum_parodii_Sub3,1.782909
Hordeum_muticum,Hordeum_pubiflorum,1.782909
Hordeum_muticum,Hordeum_patagonicum,1.782909
Hordeum_muticum,Hordeum_comosum,1.782909
Hordeum_muticum,Hordeum_cordobense,1.347163
Hordeum_muticum,Hordeum_secalinum_Sub2,5.56327
Hordeum_muticum,Hordeum_gussoneanum,9.009506
Hordeum_muticum,Hordeum_gussoneanum_Sub2,9.009506
Hordeum_muticum,Hordeum_secalinum_Sub1,9.009506
Hordeum_muticum,Hordeum_marinum_BCC2001,9.009506
Hordeum_muticum,Hordeum_marinum_H559,9.009506
Hordeum_muticum,Hordeum_gussoneanum_Sub1,9.009506
Hordeum_muticum,Hordeum_bulbosum_Hap1,12.273094
Hordeum_muticum,Hordeum_bulbosum_Hap2,12.273094
Hordeum_muticum,Hordeum_vulgare,12.273094
Hordeum_muticum,Hordeum_murinum_Sub1,12.273094
Hordeum_muticum,Hordeum_murinum_BCC2017,12.273094
Hordeum_muticum,Hordeum_murinum_Sub2,12.273094
Hordeum_muticum,Triticum_monococcum,16.207947
Hordeum_muticum,Oryza_sativa,46.81582
Hordeum_secalinum_Sub2,Sorghum_bicolor,48.998211
Hordeum_secalinum_Sub2,Brachypodium_distachyon,34.529178
Hordeum_secalinum_Sub2,Hordeum_bogdanii,6.170433
Hordeum_secalinum_Sub2,Hordeum_jubatum_Sub2,6.170433
Hordeum_secalinum_Sub2,Hordeum_parodii_Sub2,6.170433
Hordeum_secalinum_Sub2,Hordeum_roshevitzii,6.170433
Hordeum_secalinum_Sub2,Hordeum_brevisubulatum,6.170433
Hordeum_secalinum_Sub2,Hordeum_californicum,5.56327
Hordeum_secalinum_Sub2,Hordeum_jubatum_Sub1,5.56327
Hordeum_secalinum_Sub2,Hordeum_chilense,5.56327
Hordeum_secalinum_Sub2,Hordeum_flexuosum,5.56327
Hordeum_secalinum_Sub2,Hordeum_parodii_Sub1,5.56327
Hordeum_secalinum_Sub2,Hordeum_erectifolium,5.56327
Hordeum_secalinum_Sub2,Hordeum_stenostachys,5.56327
Hordeum_secalinum_Sub2,Hordeum_euclaston,5.56327
Hordeum_secalinum_Sub2,Hordeum_intercedens,5.56327
Hordeum_secalinum_Sub2,Hordeum_pusillum,5.56327
Hordeum_secalinum_Sub2,Hordeum_parodii_Sub3,5.56327
Hordeum_secalinum_Sub2,Hordeum_pubiflorum,5.56327
Hordeum_secalinum_Sub2,Hordeum_patagonicum,5.56327
Hordeum_secalinum_Sub2,Hordeum_comosum,5.56327
Hordeum_secalinum_Sub2,Hordeum_cordobense,5.56327
Hordeum_secalinum_Sub2,Hordeum_muticum,5.56327
Hordeum_secalinum_Sub2,Hordeum_gussoneanum,9.009506
Hordeum_secalinum_Sub2,Hordeum_gussoneanum_Sub2,9.009506
Hordeum_secalinum_Sub2,Hordeum_secalinum_Sub1,9.009506
Hordeum_secalinum_Sub2,Hordeum_marinum_BCC2001,9.009506
Hordeum_secalinum_Sub2,Hordeum_marinum_H559,9.009506
Hordeum_secalinum_Sub2,Hordeum_gussoneanum_Sub1,9.009506
Hordeum_secalinum_Sub2,Hordeum_bulbosum_Hap1,12.273094
Hordeum_secalinum_Sub2,Hordeum_bulbosum_Hap2,12.273094
Hordeum_secalinum_Sub2,Hordeum_vulgare,12.273094
Hordeum_secalinum_Sub2,Hordeum_murinum_Sub1,12.273094
Hordeum_secalinum_Sub2,Hordeum_murinum_BCC2017,12.273094
Hordeum_secalinum_Sub2,Hordeum_murinum_Sub2,12.273094
Hordeum_secalinum_Sub2,Triticum_monococcum,16.207947
Hordeum_secalinum_Sub2,Oryza_sativa,46.81582
Hordeum_gussoneanum,Sorghum_bicolor,48.998211
Hordeum_gussoneanum,Brachypodium_distachyon,34.529178
Hordeum_gussoneanum,Hordeum_bogdanii,9.009506
Hordeum_gussoneanum,Hordeum_jubatum_Sub2,9.009506
Hordeum_gussoneanum,Hordeum_parodii_Sub2,9.009506
Hordeum_gussoneanum,Hordeum_roshevitzii,9.009506
Hordeum_gussoneanum,Hordeum_brevisubulatum,9.009506
Hordeum_gussoneanum,Hordeum_californicum,9.009506
Hordeum_gussoneanum,Hordeum_jubatum_Sub1,9.009506
Hordeum_gussoneanum,Hordeum_chilense,9.009506
Hordeum_gussoneanum,Hordeum_flexuosum,9.009506
Hordeum_gussoneanum,Hordeum_parodii_Sub1,9.009506
Hordeum_gussoneanum,Hordeum_erectifolium,9.009506
Hordeum_gussoneanum,Hordeum_stenostachys,9.009506
Hordeum_gussoneanum,Hordeum_euclaston,9.009506
Hordeum_gussoneanum,Hordeum_intercedens,9.009506
Hordeum_gussoneanum,Hordeum_pusillum,9.009506
Hordeum_gussoneanum,Hordeum_parodii_Sub3,9.009506
Hordeum_gussoneanum,Hordeum_pubiflorum,9.009506
Hordeum_gussoneanum,Hordeum_patagonicum,9.009506
Hordeum_gussoneanum,Hordeum_comosum,9.009506
Hordeum_gussoneanum,Hordeum_cordobense,9.009506
Hordeum_gussoneanum,Hordeum_muticum,9.009506
Hordeum_gussoneanum,Hordeum_secalinum_Sub2,9.009506
Hordeum_gussoneanum,Hordeum_gussoneanum_Sub2,0.206516
Hordeum_gussoneanum,Hordeum_secalinum_Sub1,0.871613
Hordeum_gussoneanum,Hordeum_marinum_BCC2001,3.698069
Hordeum_gussoneanum,Hordeum_marinum_H559,3.698069
Hordeum_gussoneanum,Hordeum_gussoneanum_Sub1,5.157014
Hordeum_gussoneanum,Hordeum_bulbosum_Hap1,12.273094
Hordeum_gussoneanum,Hordeum_bulbosum_Hap2,12.273094
Hordeum_gussoneanum,Hordeum_vulgare,12.273094
Hordeum_gussoneanum,Hordeum_murinum_Sub1,12.273094
Hordeum_gussoneanum,Hordeum_murinum_BCC2017,12.273094
Hordeum_gussoneanum,Hordeum_murinum_Sub2,12.273094
Hordeum_gussoneanum,Triticum_monococcum,16.207947
Hordeum_gussoneanum,Oryza_sativa,46.81582
Hordeum_gussoneanum_Sub2,Sorghum_bicolor,48.998211
Hordeum_gussoneanum_Sub2,Brachypodium_distachyon,34.529178
Hordeum_gussoneanum_Sub2,Hordeum_bogdanii,9.009506
Hordeum_gussoneanum_Sub2,Hordeum_jubatum_Sub2,9.009506
Hordeum_gussoneanum_Sub2,Hordeum_parodii_Sub2,9.009506
Hordeum_gussoneanum_Sub2,Hordeum_roshevitzii,9.009506
Hordeum_gussoneanum_Sub2,Hordeum_brevisubulatum,9.009506
Hordeum_gussoneanum_Sub2,Hordeum_californicum,9.009506
Hordeum_gussoneanum_Sub2,Hordeum_jubatum_Sub1,9.009506
Hordeum_gussoneanum_Sub2,Hordeum_chilense,9.009506
Hordeum_gussoneanum_Sub2,Hordeum_flexuosum,9.009506
Hordeum_gussoneanum_Sub2,Hordeum_parodii_Sub1,9.009506
Hordeum_gussoneanum_Sub2,Hordeum_erectifolium,9.009506
Hordeum_gussoneanum_Sub2,Hordeum_stenostachys,9.009506
Hordeum_gussoneanum_Sub2,Hordeum_euclaston,9.009506
Hordeum_gussoneanum_Sub2,Hordeum_intercedens,9.009506
Hordeum_gussoneanum_Sub2,Hordeum_pusillum,9.009506
Hordeum_gussoneanum_Sub2,Hordeum_parodii_Sub3,9.009506
Hordeum_gussoneanum_Sub2,Hordeum_pubiflorum,9.009506
Hordeum_gussoneanum_Sub2,Hordeum_patagonicum,9.009506
Hordeum_gussoneanum_Sub2,Hordeum_comosum,9.009506
Hordeum_gussoneanum_Sub2,Hordeum_cordobense,9.009506
Hordeum_gussoneanum_Sub2,Hordeum_muticum,9.009506
Hordeum_gussoneanum_Sub2,Hordeum_secalinum_Sub2,9.009506
Hordeum_gussoneanum_Sub2,Hordeum_gussoneanum,0.206516
Hordeum_gussoneanum_Sub2,Hordeum_secalinum_Sub1,0.871613
Hordeum_gussoneanum_Sub2,Hordeum_marinum_BCC2001,3.698069
Hordeum_gussoneanum_Sub2,Hordeum_marinum_H559,3.698069
Hordeum_gussoneanum_Sub2,Hordeum_gussoneanum_Sub1,5.157014
Hordeum_gussoneanum_Sub2,Hordeum_bulbosum_Hap1,12.273094
Hordeum_gussoneanum_Sub2,Hordeum_bulbosum_Hap2,12.273094
Hordeum_gussoneanum_Sub2,Hordeum_vulgare,12.273094
Hordeum_gussoneanum_Sub2,Hordeum_murinum_Sub1,12.273094
Hordeum_gussoneanum_Sub2,Hordeum_murinum_BCC2017,12.273094
Hordeum_gussoneanum_Sub2,Hordeum_murinum_Sub2,12.273094
Hordeum_gussoneanum_Sub2,Triticum_monococcum,16.207947
Hordeum_gussoneanum_Sub2,Oryza_sativa,46.81582
Hordeum_secalinum_Sub1,Sorghum_bicolor,48.998211
Hordeum_secalinum_Sub1,Brachypodium_distachyon,34.529178
Hordeum_secalinum_Sub1,Hordeum_bogdanii,9.009506
Hordeum_secalinum_Sub1,Hordeum_jubatum_Sub2,9.009506
Hordeum_secalinum_Sub1,Hordeum_parodii_Sub2,9.009506
Hordeum_secalinum_Sub1,Hordeum_roshevitzii,9.009506
Hordeum_secalinum_Sub1,Hordeum_brevisubulatum,9.009506
Hordeum_secalinum_Sub1,Hordeum_californicum,9.009506
Hordeum_secalinum_Sub1,Hordeum_jubatum_Sub1,9.009506
Hordeum_secalinum_Sub1,Hordeum_chilense,9.009506
Hordeum_secalinum_Sub1,Hordeum_flexuosum,9.009506
Hordeum_secalinum_Sub1,Hordeum_parodii_Sub1,9.009506
Hordeum_secalinum_Sub1,Hordeum_erectifolium,9.009506
Hordeum_secalinum_Sub1,Hordeum_stenostachys,9.009506
Hordeum_secalinum_Sub1,Hordeum_euclaston,9.009506
Hordeum_secalinum_Sub1,Hordeum_intercedens,9.009506
Hordeum_secalinum_Sub1,Hordeum_pusillum,9.009506
Hordeum_secalinum_Sub1,Hordeum_parodii_Sub3,9.009506
Hordeum_secalinum_Sub1,Hordeum_pubiflorum,9.009506
Hordeum_secalinum_Sub1,Hordeum_patagonicum,9.009506
Hordeum_secalinum_Sub1,Hordeum_comosum,9.009506
Hordeum_secalinum_Sub1,Hordeum_cordobense,9.009506
Hordeum_secalinum_Sub1,Hordeum_muticum,9.009506
Hordeum_secalinum_Sub1,Hordeum_secalinum_Sub2,9.009506
Hordeum_secalinum_Sub1,Hordeum_gussoneanum,0.871613
Hordeum_secalinum_Sub1,Hordeum_gussoneanum_Sub2,0.871613
Hordeum_secalinum_Sub1,Hordeum_marinum_BCC2001,3.698069
Hordeum_secalinum_Sub1,Hordeum_marinum_H559,3.698069
Hordeum_secalinum_Sub1,Hordeum_gussoneanum_Sub1,5.157014
Hordeum_secalinum_Sub1,Hordeum_bulbosum_Hap1,12.273094
Hordeum_secalinum_Sub1,Hordeum_bulbosum_Hap2,12.273094
Hordeum_secalinum_Sub1,Hordeum_vulgare,12.273094
Hordeum_secalinum_Sub1,Hordeum_murinum_Sub1,12.273094
Hordeum_secalinum_Sub1,Hordeum_murinum_BCC2017,12.273094
Hordeum_secalinum_Sub1,Hordeum_murinum_Sub2,12.273094
Hordeum_secalinum_Sub1,Triticum_monococcum,16.207947
Hordeum_secalinum_Sub1,Oryza_sativa,46.81582
Hordeum_marinum_BCC2001,Sorghum_bicolor,48.998211
Hordeum_marinum_BCC2001,Brachypodium_distachyon,34.529178
Hordeum_marinum_BCC2001,Hordeum_bogdanii,9.009506
Hordeum_marinum_BCC2001,Hordeum_jubatum_Sub2,9.009506
Hordeum_marinum_BCC2001,Hordeum_parodii_Sub2,9.009506
Hordeum_marinum_BCC2001,Hordeum_roshevitzii,9.009506
Hordeum_marinum_BCC2001,Hordeum_brevisubulatum,9.009506
Hordeum_marinum_BCC2001,Hordeum_californicum,9.009506
Hordeum_marinum_BCC2001,Hordeum_jubatum_Sub1,9.009506
Hordeum_marinum_BCC2001,Hordeum_chilense,9.009506
Hordeum_marinum_BCC2001,Hordeum_flexuosum,9.009506
Hordeum_marinum_BCC2001,Hordeum_parodii_Sub1,9.009506
Hordeum_marinum_BCC2001,Hordeum_erectifolium,9.009506
Hordeum_marinum_BCC2001,Hordeum_stenostachys,9.009506
Hordeum_marinum_BCC2001,Hordeum_euclaston,9.009506
Hordeum_marinum_BCC2001,Hordeum_intercedens,9.009506
Hordeum_marinum_BCC2001,Hordeum_pusillum,9.009506
Hordeum_marinum_BCC2001,Hordeum_parodii_Sub3,9.009506
Hordeum_marinum_BCC2001,Hordeum_pubiflorum,9.009506
Hordeum_marinum_BCC2001,Hordeum_patagonicum,9.009506
Hordeum_marinum_BCC2001,Hordeum_comosum,9.009506
Hordeum_marinum_BCC2001,Hordeum_cordobense,9.009506
Hordeum_marinum_BCC2001,Hordeum_muticum,9.009506
Hordeum_marinum_BCC2001,Hordeum_secalinum_Sub2,9.009506
Hordeum_marinum_BCC2001,Hordeum_gussoneanum,3.698069
Hordeum_marinum_BCC2001,Hordeum_gussoneanum_Sub2,3.698069
Hordeum_marinum_BCC2001,Hordeum_secalinum_Sub1,3.698069
Hordeum_marinum_BCC2001,Hordeum_marinum_H559,1.162446
Hordeum_marinum_BCC2001,Hordeum_gussoneanum_Sub1,5.157014
Hordeum_marinum_BCC2001,Hordeum_bulbosum_Hap1,12.273094
Hordeum_marinum_BCC2001,Hordeum_bulbosum_Hap2,12.273094
Hordeum_marinum_BCC2001,Hordeum_vulgare,12.273094
Hordeum_marinum_BCC2001,Hordeum_murinum_Sub1,12.273094
Hordeum_marinum_BCC2001,Hordeum_murinum_BCC2017,12.273094
Hordeum_marinum_BCC2001,Hordeum_murinum_Sub2,12.273094
Hordeum_marinum_BCC2001,Triticum_monococcum,16.207947
Hordeum_marinum_BCC2001,Oryza_sativa,46.81582
Hordeum_marinum_H559,Sorghum_bicolor,48.998211
Hordeum_marinum_H559,Brachypodium_distachyon,34.529178
Hordeum_marinum_H559,Hordeum_bogdanii,9.009506
Hordeum_marinum_H559,Hordeum_jubatum_Sub2,9.009506
Hordeum_marinum_H559,Hordeum_parodii_Sub2,9.009506
Hordeum_marinum_H559,Hordeum_roshevitzii,9.009506
Hordeum_marinum_H559,Hordeum_brevisubulatum,9.009506
Hordeum_marinum_H559,Hordeum_californicum,9.009506
Hordeum_marinum_H559,Hordeum_jubatum_Sub1,9.009506
Hordeum_marinum_H559,Hordeum_chilense,9.009506
Hordeum_marinum_H559,Hordeum_flexuosum,9.009506
Hordeum_marinum_H559,Hordeum_parodii_Sub1,9.009506
Hordeum_marinum_H559,Hordeum_erectifolium,9.009506
Hordeum_marinum_H559,Hordeum_stenostachys,9.009506
Hordeum_marinum_H559,Hordeum_euclaston,9.009506
Hordeum_marinum_H559,Hordeum_intercedens,9.009506
Hordeum_marinum_H559,Hordeum_pusillum,9.009506
Hordeum_marinum_H559,Hordeum_parodii_Sub3,9.009506
Hordeum_marinum_H559,Hordeum_pubiflorum,9.009506
Hordeum_marinum_H559,Hordeum_patagonicum,9.009506
Hordeum_marinum_H559,Hordeum_comosum,9.009506
Hordeum_marinum_H559,Hordeum_cordobense,9.009506
Hordeum_marinum_H559,Hordeum_muticum,9.009506
Hordeum_marinum_H559,Hordeum_secalinum_Sub2,9.009506
Hordeum_marinum_H559,Hordeum_gussoneanum,3.698069
Hordeum_marinum_H559,Hordeum_gussoneanum_Sub2,3.698069
Hordeum_marinum_H559,Hordeum_secalinum_Sub1,3.698069
Hordeum_marinum_H559,Hordeum_marinum_BCC2001,1.162446
Hordeum_marinum_H559,Hordeum_gussoneanum_Sub1,5.157014
Hordeum_marinum_H559,Hordeum_bulbosum_Hap1,12.273094
Hordeum_marinum_H559,Hordeum_bulbosum_Hap2,12.273094
Hordeum_marinum_H559,Hordeum_vulgare,12.273094
Hordeum_marinum_H559,Hordeum_murinum_Sub1,12.273094
Hordeum_marinum_H559,Hordeum_murinum_BCC2017,12.273094
Hordeum_marinum_H559,Hordeum_murinum_Sub2,12.273094
Hordeum_marinum_H559,Triticum_monococcum,16.207947
Hordeum_marinum_H559,Oryza_sativa,46.81582
Hordeum_gussoneanum_Sub1,Sorghum_bicolor,48.998211
Hordeum_gussoneanum_Sub1,Brachypodium_distachyon,34.529178
Hordeum_gussoneanum_Sub1,Hordeum_bogdanii,9.009506
Hordeum_gussoneanum_Sub1,Hordeum_jubatum_Sub2,9.009506
Hordeum_gussoneanum_Sub1,Hordeum_parodii_Sub2,9.009506
Hordeum_gussoneanum_Sub1,Hordeum_roshevitzii,9.009506
Hordeum_gussoneanum_Sub1,Hordeum_brevisubulatum,9.009506
Hordeum_gussoneanum_Sub1,Hordeum_californicum,9.009506
Hordeum_gussoneanum_Sub1,Hordeum_jubatum_Sub1,9.009506
Hordeum_gussoneanum_Sub1,Hordeum_chilense,9.009506
Hordeum_gussoneanum_Sub1,Hordeum_flexuosum,9.009506
Hordeum_gussoneanum_Sub1,Hordeum_parodii_Sub1,9.009506
Hordeum_gussoneanum_Sub1,Hordeum_erectifolium,9.009506
Hordeum_gussoneanum_Sub1,Hordeum_stenostachys,9.009506
Hordeum_gussoneanum_Sub1,Hordeum_euclaston,9.009506
Hordeum_gussoneanum_Sub1,Hordeum_intercedens,9.009506
Hordeum_gussoneanum_Sub1,Hordeum_pusillum,9.009506
Hordeum_gussoneanum_Sub1,Hordeum_parodii_Sub3,9.009506
Hordeum_gussoneanum_Sub1,Hordeum_pubiflorum,9.009506
Hordeum_gussoneanum_Sub1,Hordeum_patagonicum,9.009506
Hordeum_gussoneanum_Sub1,Hordeum_comosum,9.009506
Hordeum_gussoneanum_Sub1,Hordeum_cordobense,9.009506
Hordeum_gussoneanum_Sub1,Hordeum_muticum,9.009506
Hordeum_gussoneanum_Sub1,Hordeum_secalinum_Sub2,9.009506
Hordeum_gussoneanum_Sub1,Hordeum_gussoneanum,5.157014
Hordeum_gussoneanum_Sub1,Hordeum_gussoneanum_Sub2,5.157014
Hordeum_gussoneanum_Sub1,Hordeum_secalinum_Sub1,5.157014
Hordeum_gussoneanum_Sub1,Hordeum_marinum_BCC2001,5.157014
Hordeum_gussoneanum_Sub1,Hordeum_marinum_H559,5.157014
Hordeum_gussoneanum_Sub1,Hordeum_bulbosum_Hap1,12.273094
Hordeum_gussoneanum_Sub1,Hordeum_bulbosum_Hap2,12.273094
Hordeum_gussoneanum_Sub1,Hordeum_vulgare,12.273094
Hordeum_gussoneanum_Sub1,Hordeum_murinum_Sub1,12.273094
Hordeum_gussoneanum_Sub1,Hordeum_murinum_BCC2017,12.273094
Hordeum_gussoneanum_Sub1,Hordeum_murinum_Sub2,12.273094
Hordeum_gussoneanum_Sub1,Triticum_monococcum,16.207947
Hordeum_gussoneanum_Sub1,Oryza_sativa,46.81582
Hordeum_bulbosum_Hap1,Sorghum_bicolor,48.998211
Hordeum_bulbosum_Hap1,Brachypodium_distachyon,34.529178
Hordeum_bulbosum_Hap1,Hordeum_bogdanii,12.273094
Hordeum_bulbosum_Hap1,Hordeum_jubatum_Sub2,12.273094
Hordeum_bulbosum_Hap1,Hordeum_parodii_Sub2,12.273094
Hordeum_bulbosum_Hap1,Hordeum_roshevitzii,12.273094
Hordeum_bulbosum_Hap1,Hordeum_brevisubulatum,12.273094
Hordeum_bulbosum_Hap1,Hordeum_californicum,12.273094
Hordeum_bulbosum_Hap1,Hordeum_jubatum_Sub1,12.273094
Hordeum_bulbosum_Hap1,Hordeum_chilense,12.273094
Hordeum_bulbosum_Hap1,Hordeum_flexuosum,12.273094
Hordeum_bulbosum_Hap1,Hordeum_parodii_Sub1,12.273094
Hordeum_bulbosum_Hap1,Hordeum_erectifolium,12.273094
Hordeum_bulbosum_Hap1,Hordeum_stenostachys,12.273094
Hordeum_bulbosum_Hap1,Hordeum_euclaston,12.273094
Hordeum_bulbosum_Hap1,Hordeum_intercedens,12.273094
Hordeum_bulbosum_Hap1,Hordeum_pusillum,12.273094
Hordeum_bulbosum_Hap1,Hordeum_parodii_Sub3,12.273094
Hordeum_bulbosum_Hap1,Hordeum_pubiflorum,12.273094
Hordeum_bulbosum_Hap1,Hordeum_patagonicum,12.273094
Hordeum_bulbosum_Hap1,Hordeum_comosum,12.273094
Hordeum_bulbosum_Hap1,Hordeum_cordobense,12.273094
Hordeum_bulbosum_Hap1,Hordeum_muticum,12.273094
Hordeum_bulbosum_Hap1,Hordeum_secalinum_Sub2,12.273094
Hordeum_bulbosum_Hap1,Hordeum_gussoneanum,12.273094
Hordeum_bulbosum_Hap1,Hordeum_gussoneanum_Sub2,12.273094
Hordeum_bulbosum_Hap1,Hordeum_secalinum_Sub1,12.273094
Hordeum_bulbosum_Hap1,Hordeum_marinum_BCC2001,12.273094
Hordeum_bulbosum_Hap1,Hordeum_marinum_H559,12.273094
Hordeum_bulbosum_Hap1,Hordeum_gussoneanum_Sub1,12.273094
Hordeum_bulbosum_Hap1,Hordeum_bulbosum_Hap2,1.105352
Hordeum_bulbosum_Hap1,Hordeum_vulgare,5.301309
Hordeum_bulbosum_Hap1,Hordeum_murinum_Sub1,10.300352
Hordeum_bulbosum_Hap1,Hordeum_murinum_BCC2017,10.300352
Hordeum_bulbosum_Hap1,Hordeum_murinum_Sub2,10.300352
Hordeum_bulbosum_Hap1,Triticum_monococcum,16.207947
Hordeum_bulbosum_Hap1,Oryza_sativa,46.81582
Hordeum_bulbosum_Hap2,Sorghum_bicolor,48.998211
Hordeum_bulbosum_Hap2,Brachypodium_distachyon,34.529178
Hordeum_bulbosum_Hap2,Hordeum_bogdanii,12.273094
Hordeum_bulbosum_Hap2,Hordeum_jubatum_Sub2,12.273094
Hordeum_bulbosum_Hap2,Hordeum_parodii_Sub2,12.273094
Hordeum_bulbosum_Hap2,Hordeum_roshevitzii,12.273094
Hordeum_bulbosum_Hap2,Hordeum_brevisubulatum,12.273094
Hordeum_bulbosum_Hap2,Hordeum_californicum,12.273094
Hordeum_bulbosum_Hap2,Hordeum_jubatum_Sub1,12.273094
Hordeum_bulbosum_Hap2,Hordeum_chilense,12.273094
Hordeum_bulbosum_Hap2,Hordeum_flexuosum,12.273094
Hordeum_bulbosum_Hap2,Hordeum_parodii_Sub1,12.273094
Hordeum_bulbosum_Hap2,Hordeum_erectifolium,12.273094
Hordeum_bulbosum_Hap2,Hordeum_stenostachys,12.273094
Hordeum_bulbosum_Hap2,Hordeum_euclaston,12.273094
Hordeum_bulbosum_Hap2,Hordeum_intercedens,12.273094
Hordeum_bulbosum_Hap2,Hordeum_pusillum,12.273094
Hordeum_bulbosum_Hap2,Hordeum_parodii_Sub3,12.273094
Hordeum_bulbosum_Hap2,Hordeum_pubiflorum,12.273094
Hordeum_bulbosum_Hap2,Hordeum_patagonicum,12.273094
Hordeum_bulbosum_Hap2,Hordeum_comosum,12.273094
Hordeum_bulbosum_Hap2,Hordeum_cordobense,12.273094
Hordeum_bulbosum_Hap2,Hordeum_muticum,12.273094
Hordeum_bulbosum_Hap2,Hordeum_secalinum_Sub2,12.273094
Hordeum_bulbosum_Hap2,Hordeum_gussoneanum,12.273094
Hordeum_bulbosum_Hap2,Hordeum_gussoneanum_Sub2,12.273094
Hordeum_bulbosum_Hap2,Hordeum_secalinum_Sub1,12.273094
Hordeum_bulbosum_Hap2,Hordeum_marinum_BCC2001,12.273094
Hordeum_bulbosum_Hap2,Hordeum_marinum_H559,12.273094
Hordeum_bulbosum_Hap2,Hordeum_gussoneanum_Sub1,12.273094
Hordeum_bulbosum_Hap2,Hordeum_bulbosum_Hap1,1.105352
Hordeum_bulbosum_Hap2,Hordeum_vulgare,5.301309
Hordeum_bulbosum_Hap2,Hordeum_murinum_Sub1,10.300352
Hordeum_bulbosum_Hap2,Hordeum_murinum_BCC2017,10.300352
Hordeum_bulbosum_Hap2,Hordeum_murinum_Sub2,10.300352
Hordeum_bulbosum_Hap2,Triticum_monococcum,16.207947
Hordeum_bulbosum_Hap2,Oryza_sativa,46.81582
Hordeum_vulgare,Sorghum_bicolor,48.998211
Hordeum_vulgare,Brachypodium_distachyon,34.529178
Hordeum_vulgare,Hordeum_bogdanii,12.273094
Hordeum_vulgare,Hordeum_jubatum_Sub2,12.273094
Hordeum_vulgare,Hordeum_parodii_Sub2,12.273094
Hordeum_vulgare,Hordeum_roshevitzii,12.273094
Hordeum_vulgare,Hordeum_brevisubulatum,12.273094
Hordeum_vulgare,Hordeum_californicum,12.273094
Hordeum_vulgare,Hordeum_jubatum_Sub1,12.273094
Hordeum_vulgare,Hordeum_chilense,12.273094
Hordeum_vulgare,Hordeum_flexuosum,12.273094
Hordeum_vulgare,Hordeum_parodii_Sub1,12.273094
Hordeum_vulgare,Hordeum_erectifolium,12.273094
Hordeum_vulgare,Hordeum_stenostachys,12.273094
Hordeum_vulgare,Hordeum_euclaston,12.273094
Hordeum_vulgare,Hordeum_intercedens,12.273094
Hordeum_vulgare,Hordeum_pusillum,12.273094
Hordeum_vulgare,Hordeum_parodii_Sub3,12.273094
Hordeum_vulgare,Hordeum_pubiflorum,12.273094
Hordeum_vulgare,Hordeum_patagonicum,12.273094
Hordeum_vulgare,Hordeum_comosum,12.273094
Hordeum_vulgare,Hordeum_cordobense,12.273094
Hordeum_vulgare,Hordeum_muticum,12.273094
Hordeum_vulgare,Hordeum_secalinum_Sub2,12.273094
Hordeum_vulgare,Hordeum_gussoneanum,12.273094
Hordeum_vulgare,Hordeum_gussoneanum_Sub2,12.273094
Hordeum_vulgare,Hordeum_secalinum_Sub1,12.273094
Hordeum_vulgare,Hordeum_marinum_BCC2001,12.273094
Hordeum_vulgare,Hordeum_marinum_H559,12.273094
Hordeum_vulgare,Hordeum_gussoneanum_Sub1,12.273094
Hordeum_vulgare,Hordeum_bulbosum_Hap1,5.301309
Hordeum_vulgare,Hordeum_bulbosum_Hap2,5.301309
Hordeum_vulgare,Hordeum_murinum_Sub1,10.300352
Hordeum_vulgare,Hordeum_murinum_BCC2017,10.300352
Hordeum_vulgare,Hordeum_murinum_Sub2,10.300352
Hordeum_vulgare,Triticum_monococcum,16.207947
Hordeum_vulgare,Oryza_sativa,46.81582
Hordeum_murinum_Sub1,Sorghum_bicolor,48.998211
Hordeum_murinum_Sub1,Brachypodium_distachyon,34.529178
Hordeum_murinum_Sub1,Hordeum_bogdanii,12.273094
Hordeum_murinum_Sub1,Hordeum_jubatum_Sub2,12.273094
Hordeum_murinum_Sub1,Hordeum_parodii_Sub2,12.273094
Hordeum_murinum_Sub1,Hordeum_roshevitzii,12.273094
Hordeum_murinum_Sub1,Hordeum_brevisubulatum,12.273094
Hordeum_murinum_Sub1,Hordeum_californicum,12.273094
Hordeum_murinum_Sub1,Hordeum_jubatum_Sub1,12.273094
Hordeum_murinum_Sub1,Hordeum_chilense,12.273094
Hordeum_murinum_Sub1,Hordeum_flexuosum,12.273094
Hordeum_murinum_Sub1,Hordeum_parodii_Sub1,12.273094
Hordeum_murinum_Sub1,Hordeum_erectifolium,12.273094
Hordeum_murinum_Sub1,Hordeum_stenostachys,12.273094
Hordeum_murinum_Sub1,Hordeum_euclaston,12.273094
Hordeum_murinum_Sub1,Hordeum_intercedens,12.273094
Hordeum_murinum_Sub1,Hordeum_pusillum,12.273094
Hordeum_murinum_Sub1,Hordeum_parodii_Sub3,12.273094
Hordeum_murinum_Sub1,Hordeum_pubiflorum,12.273094
Hordeum_murinum_Sub1,Hordeum_patagonicum,12.273094
Hordeum_murinum_Sub1,Hordeum_comosum,12.273094
Hordeum_murinum_Sub1,Hordeum_cordobense,12.273094
Hordeum_murinum_Sub1,Hordeum_muticum,12.273094
Hordeum_murinum_Sub1,Hordeum_secalinum_Sub2,12.273094
Hordeum_murinum_Sub1,Hordeum_gussoneanum,12.273094
Hordeum_murinum_Sub1,Hordeum_gussoneanum_Sub2,12.273094
Hordeum_murinum_Sub1,Hordeum_secalinum_Sub1,12.273094
Hordeum_murinum_Sub1,Hordeum_marinum_BCC2001,12.273094
Hordeum_murinum_Sub1,Hordeum_marinum_H559,12.273094
Hordeum_murinum_Sub1,Hordeum_gussoneanum_Sub1,12.273094
Hordeum_murinum_Sub1,Hordeum_bulbosum_Hap1,10.300352
Hordeum_murinum_Sub1,Hordeum_bulbosum_Hap2,10.300352
Hordeum_murinum_Sub1,Hordeum_vulgare,10.300352
Hordeum_murinum_Sub1,Hordeum_murinum_BCC2017,0.547995
Hordeum_murinum_Sub1,Hordeum_murinum_Sub2,4.637547
Hordeum_murinum_Sub1,Triticum_monococcum,16.207947
Hordeum_murinum_Sub1,Oryza_sativa,46.81582
Hordeum_murinum_BCC2017,Sorghum_bicolor,48.998211
Hordeum_murinum_BCC2017,Brachypodium_distachyon,34.529178
Hordeum_murinum_BCC2017,Hordeum_bogdanii,12.273094
Hordeum_murinum_BCC2017,Hordeum_jubatum_Sub2,12.273094
Hordeum_murinum_BCC2017,Hordeum_parodii_Sub2,12.273094
Hordeum_murinum_BCC2017,Hordeum_roshevitzii,12.273094
Hordeum_murinum_BCC2017,Hordeum_brevisubulatum,12.273094
Hordeum_murinum_BCC2017,Hordeum_californicum,12.273094
Hordeum_murinum_BCC2017,Hordeum_jubatum_Sub1,12.273094
Hordeum_murinum_BCC2017,Hordeum_chilense,12.273094
Hordeum_murinum_BCC2017,Hordeum_flexuosum,12.273094
Hordeum_murinum_BCC2017,Hordeum_parodii_Sub1,12.273094
Hordeum_murinum_BCC2017,Hordeum_erectifolium,12.273094
Hordeum_murinum_BCC2017,Hordeum_stenostachys,12.273094
Hordeum_murinum_BCC2017,Hordeum_euclaston,12.273094
Hordeum_murinum_BCC2017,Hordeum_intercedens,12.273094
Hordeum_murinum_BCC2017,Hordeum_pusillum,12.273094
Hordeum_murinum_BCC2017,Hordeum_parodii_Sub3,12.273094
Hordeum_murinum_BCC2017,Hordeum_pubiflorum,12.273094
Hordeum_murinum_BCC2017,Hordeum_patagonicum,12.273094
Hordeum_murinum_BCC2017,Hordeum_comosum,12.273094
Hordeum_murinum_BCC2017,Hordeum_cordobense,12.273094
Hordeum_murinum_BCC2017,Hordeum_muticum,12.273094
Hordeum_murinum_BCC2017,Hordeum_secalinum_Sub2,12.273094
Hordeum_murinum_BCC2017,Hordeum_gussoneanum,12.273094
Hordeum_murinum_BCC2017,Hordeum_gussoneanum_Sub2,12.273094
Hordeum_murinum_BCC2017,Hordeum_secalinum_Sub1,12.273094
Hordeum_murinum_BCC2017,Hordeum_marinum_BCC2001,12.273094
Hordeum_murinum_BCC2017,Hordeum_marinum_H559,12.273094
Hordeum_murinum_BCC2017,Hordeum_gussoneanum_Sub1,12.273094
Hordeum_murinum_BCC2017,Hordeum_bulbosum_Hap1,10.300352
Hordeum_murinum_BCC2017,Hordeum_bulbosum_Hap2,10.300352
Hordeum_murinum_BCC2017,Hordeum_vulgare,10.300352
Hordeum_murinum_BCC2017,Hordeum_murinum_Sub1,0.547995
Hordeum_murinum_BCC2017,Hordeum_murinum_Sub2,4.637547
Hordeum_murinum_BCC2017,Triticum_monococcum,16.207947
Hordeum_murinum_BCC2017,Oryza_sativa,46.81582
Hordeum_murinum_Sub2,Sorghum_bicolor,48.998211
Hordeum_murinum_Sub2,Brachypodium_distachyon,34.529178
Hordeum_murinum_Sub2,Hordeum_bogdanii,12.273094
Hordeum_murinum_Sub2,Hordeum_jubatum_Sub2,12.273094
Hordeum_murinum_Sub2,Hordeum_parodii_Sub2,12.273094
Hordeum_murinum_Sub2,Hordeum_roshevitzii,12.273094
Hordeum_murinum_Sub2,Hordeum_brevisubulatum,12.273094
Hordeum_murinum_Sub2,Hordeum_californicum,12.273094
Hordeum_murinum_Sub2,Hordeum_jubatum_Sub1,12.273094
Hordeum_murinum_Sub2,Hordeum_chilense,12.273094
Hordeum_murinum_Sub2,Hordeum_flexuosum,12.273094
Hordeum_murinum_Sub2,Hordeum_parodii_Sub1,12.273094
Hordeum_murinum_Sub2,Hordeum_erectifolium,12.273094
Hordeum_murinum_Sub2,Hordeum_stenostachys,12.273094
Hordeum_murinum_Sub2,Hordeum_euclaston,12.273094
Hordeum_murinum_Sub2,Hordeum_intercedens,12.273094
Hordeum_murinum_Sub2,Hordeum_pusillum,12.273094
Hordeum_murinum_Sub2,Hordeum_parodii_Sub3,12.273094
Hordeum_murinum_Sub2,Hordeum_pubiflorum,12.273094
Hordeum_murinum_Sub2,Hordeum_patagonicum,12.273094
Hordeum_murinum_Sub2,Hordeum_comosum,12.273094
Hordeum_murinum_Sub2,Hordeum_cordobense,12.273094
Hordeum_murinum_Sub2,Hordeum_muticum,12.273094
Hordeum_murinum_Sub2,Hordeum_secalinum_Sub2,12.273094
Hordeum_murinum_Sub2,Hordeum_gussoneanum,12.273094
Hordeum_murinum_Sub2,Hordeum_gussoneanum_Sub2,12.273094
Hordeum_murinum_Sub2,Hordeum_secalinum_Sub1,12.273094
Hordeum_murinum_Sub2,Hordeum_marinum_BCC2001,12.273094
Hordeum_murinum_Sub2,Hordeum_marinum_H559,12.273094
Hordeum_murinum_Sub2,Hordeum_gussoneanum_Sub1,12.273094
Hordeum_murinum_Sub2,Hordeum_bulbosum_Hap1,10.300352
Hordeum_murinum_Sub2,Hordeum_bulbosum_Hap2,10.300352
Hordeum_murinum_Sub2,Hordeum_vulgare,10.300352
Hordeum_murinum_Sub2,Hordeum_murinum_Sub1,4.637547
Hordeum_murinum_Sub2,Hordeum_murinum_BCC2017,4.637547
Hordeum_murinum_Sub2,Triticum_monococcum,16.207947
Hordeum_murinum_Sub2,Oryza_sativa,46.81582
Triticum_monococcum,Sorghum_bicolor,48.998211
Triticum_monococcum,Brachypodium_distachyon,34.529178
Triticum_monococcum,Hordeum_bogdanii,16.207947
Triticum_monococcum,Hordeum_jubatum_Sub2,16.207947
Triticum_monococcum,Hordeum_parodii_Sub2,16.207947
Triticum_monococcum,Hordeum_roshevitzii,16.207947
Triticum_monococcum,Hordeum_brevisubulatum,16.207947
Triticum_monococcum,Hordeum_californicum,16.207947
Triticum_monococcum,Hordeum_jubatum_Sub1,16.207947
Triticum_monococcum,Hordeum_chilense,16.207947
Triticum_monococcum,Hordeum_flexuosum,16.207947
Triticum_monococcum,Hordeum_parodii_Sub1,16.207947
Triticum_monococcum,Hordeum_erectifolium,16.207947
Triticum_monococcum,Hordeum_stenostachys,16.207947
Triticum_monococcum,Hordeum_euclaston,16.207947
Triticum_monococcum,Hordeum_intercedens,16.207947
Triticum_monococcum,Hordeum_pusillum,16.207947
Triticum_monococcum,Hordeum_parodii_Sub3,16.207947
Triticum_monococcum,Hordeum_pubiflorum,16.207947
Triticum_monococcum,Hordeum_patagonicum,16.207947
Triticum_monococcum,Hordeum_comosum,16.207947
Triticum_monococcum,Hordeum_cordobense,16.207947
Triticum_monococcum,Hordeum_muticum,16.207947
Triticum_monococcum,Hordeum_secalinum_Sub2,16.207947
Triticum_monococcum,Hordeum_gussoneanum,16.207947
Triticum_monococcum,Hordeum_gussoneanum_Sub2,16.207947
Triticum_monococcum,Hordeum_secalinum_Sub1,16.207947
Triticum_monococcum,Hordeum_marinum_BCC2001,16.207947
Triticum_monococcum,Hordeum_marinum_H559,16.207947
Triticum_monococcum,Hordeum_gussoneanum_Sub1,16.207947
Triticum_monococcum,Hordeum_bulbosum_Hap1,16.207947
Triticum_monococcum,Hordeum_bulbosum_Hap2,16.207947
Triticum_monococcum,Hordeum_vulgare,16.207947
Triticum_monococcum,Hordeum_murinum_Sub1,16.207947
Triticum_monococcum,Hordeum_murinum_BCC2017,16.207947
Triticum_monococcum,Hordeum_murinum_Sub2,16.207947
Triticum_monococcum,Oryza_sativa,46.81582